year_key,community_number_community_name_ar,id,load_timestamp,community_number_community_name_en,population
"null","243-القصيص الصناعية الثانية","239","2024-08-07 14:14:42","243-AL QUSAIS IND. SECOND","8834"
"null","618-ند الشبا الأولى","486","2024-08-07 14:14:42","618-NAD AL SHIBBA FIRST","6056"
"null","213-ند شما","992","2024-08-07 14:14:42","213-NAD SHAMMA","3378"
"null","922-اليلايس 2","493","2024-08-07 14:14:42","922-AL YALAYIS 2","1380"
"null","283-العياص","302","2024-08-07 14:14:42","283-AL AYAS","1757"
"null","674-الحبيه الأولى","121","2024-08-07 14:14:42","674-AL HEBIAH FIRST","9672"
"null","945-الفقع","742","2024-08-07 14:14:42","945-AL FAGAA","442"
"null","281-الخوانيج الأولى","304","2024-08-07 14:14:42","281-AL KHAWANEEJ ONE","12893"
"null","916-اليفره 2","1099","2024-08-07 14:14:42","916-AL YUFRAH 2","2008"
"null","228-الطوار الثالثة","246","2024-08-07 14:14:42","228-AL TWAR THIRD","10655"
"null","913-أم نهد الثالثة","584","2024-08-07 14:14:42","913-UMM NAHAD THIRD","1347"
"null","971-سيح الدحل","566","2024-08-07 14:14:42","971-SAIH AL DAHAL","3"
"null","234-القصيص الثالثة","242","2024-08-07 14:14:42","234-AL QUSAIS THIRD","7162"
"null","616-ند الشبا الثالثة","484","2024-08-07 14:14:42","616-NAD AL SHIBBA THIRD","1098"
"null","268-عود المطينة الثالثة","165","2024-08-07 14:14:42","268-OUD AL MUTEEN THIRD ","6344"
"null","643-وادي الصفا 2","199","2024-08-07 14:14:42","643-WADI AL SAFA 2","9623"
"null","337-زعبيل الثانية","901","2024-08-07 14:14:42","337-ZAABEEL SECOND","8568"
"null","631-حدائق الشيخ محمد بن راشد","1034","2024-08-07 14:14:42","631-HADAEQ SHEIKH MOHAMMED BIN RASHID","4692"
"null","531-سيح شعيب 2","17","2024-08-07 14:14:42","531-SAIH SHUAIB 2","13665"
"null","502-الواجهة البحرية","405","2024-08-07 14:14:42","502-AL WAJEHAH AL BHARIYAH","4"
"null","978-سيح شعيله","564","2024-08-07 14:14:42","978-SAIH SHUAALAH","3"
"null","673-البرشاء جنوب الثالثة","709","2024-08-07 14:14:42","673-AL BARSHA SOUTH THIRD","8573"
"null","319-عود ميثاء","558","2024-08-07 14:14:42","319-OUD METHA","15061"
"null","365-القوز الصناعية الثانية ","637","2024-08-07 14:14:42","365-AL GOZE IND. SECOND ","160517"
"null","991-حفير","450","2024-08-07 14:14:42","991-HEFAIR","0"
"null","987-الليان 1","43","2024-08-07 14:14:42","987-AL LAYAN 1","10"
"null","315-ام هرير الثانية","152","2024-08-07 14:14:42","315-UM HURAIR SECOND","4867"
"null","617-ند الشبا الرابعة","485","2024-08-07 14:14:42","617-NAD AL SHIBBA FOURTH","3779"
"null","971-سيح الدحل","737","2024-08-07 14:14:42","971-SAIH AL DAHAL","3"
"null","317-المنخول","865","2024-08-07 14:14:42","317-AL MANKHOOL","41244"
"null","394-الثنيه الرابعة (تلال الامارات الثالثة)","385","2024-08-07 14:14:42","394-AL THANYAH FOURTH (EMIRATE HILLS THIRD) ","27728"
"null","304-جزيرة جميرا 2","298","2024-08-07 14:14:42","304-JUMEIRA ISLAND 2","3"
"null","252-مشرف","232","2024-08-07 14:14:42","252-MUSHRAIF","67"
"null","381-نخلة جميرا ","910","2024-08-07 14:14:42","381-NAKHLAT JUMEIRA ","25550"
"null","724-نخلي","722","2024-08-07 14:14:42","724-ENKHALI","2"
"null","521-مدينة المطار","468","2024-08-07 14:14:42","521-MADINAT AL MATAAR","3404"
"null","134-الممزر","360","2024-08-07 14:14:42","134-AL MAMZER","14938"
"null","226-الطوار الأولى","248","2024-08-07 14:14:42","226-AL TWAR FIRST","11509"
"null","358-القوز الثالثة","774","2024-08-07 14:14:42","358-AL GOZE THIRD","50190"
"null","364-القوز الصناعية الأولى ","254","2024-08-07 14:14:42","364-AL GOZE IND. FIRST ","26075"
"null","731-لهباب الأولى","135","2024-08-07 14:14:42","731-LEHBAB FIRST","2921"
"null","367-ام الشيف","69","2024-08-07 14:14:42","367-UM AL SHEIF","4097"
"null","117-المرر","622","2024-08-07 14:14:42","117-AL MURAR","39227"
"null","626-ند حصة","463","2024-08-07 14:14:42","626-NADD HESSA","39131"
"null","241-النهدة الثانية","528","2024-08-07 14:14:42","241-AL NAHDA SECOND","62706"
"null","736-نزوه","726","2024-08-07 14:14:42","736-NAZWAH","575"
"null","246-القصيص الصناعية الثالثة","236","2024-08-07 14:14:42","246-AL QUSAIS IND. THIRD","2710"
"null","131-ميناء الحمرية","895","2024-08-07 14:14:42","131-AL HAMRIYA PORT","510"
"null","321-مدينه دبي الملاحيه (الميناء)","870","2024-08-07 14:14:42","321-MADINAT DUBAI AL MELAHEYAH (AL MINA)","8391"
"null","366-ام سقيم الثالثة","922","2024-08-07 14:14:42","366-UM SUQAIM THIRD","7935"
"null","416-ند الحمر","455","2024-08-07 14:14:42","416-NAD AL HAMAR","14571"
"null","357-الصفا الثانية","878","2024-08-07 14:14:42","357-AL SAFFA SECOND","7062"
"null","312-السوق الكبير","975","2024-08-07 14:14:42","312-AL SUQ AL KABEER","53055"
"null","956-الحثمة","441","2024-08-07 14:14:42","956-AL HATHMAH","35"
"null","325-زعبيل الأولى","143","2024-08-07 14:14:42","325-ZAABEEL FIRST","3062"
"null","359-القوز الرابعة","773","2024-08-07 14:14:42","359-AL GOZE FOURTH","21691"
"null","925-اليلايس 5","111","2024-08-07 14:14:42","925-AL YALAYIS 5","100"
"null","232-القصيص الأولى","578","2024-08-07 14:14:42","232-AL QUSAIS FIRST","46210"
"null","216-الراشدية","603","2024-08-07 14:14:42","216-AL RASHIDIYA","37493"
"null","416-ند الحمر","801","2024-08-07 14:14:42","416-NAD AL HAMAR","16930"
"null","675-الحبيه الثانية","661","2024-08-07 14:14:42","675-AL HEBIAH SECOND","1546"
"null","318-الكرامة","149","2024-08-07 14:14:42","318-AL KARAMA","70558"
"null","121-كورنيش ديرة","372","2024-08-07 14:14:42","121-CORNICHE DEIRA","14"
"null","367-ام الشيف","639","2024-08-07 14:14:42","367-UM AL SHEIF","4464"
"null","831-لهباب الثانية","595","2024-08-07 14:14:42","831-LEHBAB SECOND","1530"
"null","415-الخيران الأولى","1064","2024-08-07 14:14:42","415-AL KHAIRAN FIRST","2529"
"null","116-عيال ناصر","1115","2024-08-07 14:14:42","116-AYAL NASIR","20139"
"null","214-القرهود","993","2024-08-07 14:14:42","214-AL GARHOUD","20168"
"null","317-المنخول","970","2024-08-07 14:14:42","317-AL MANKHOOL","42056"
"null","357-الصفا الثانية","631","2024-08-07 14:14:42","357-AL SAFFA SECOND","6823"
"null","369-القوز الصناعية الرابعة ","817","2024-08-07 14:14:42","369-AL GOZE IND. FOURTH ","38761"
"null","322-الحضيبة","966","2024-08-07 14:14:42","322-AL HUDAIBA","14789"
"null","533-سيح شعيب 4","703","2024-08-07 14:14:42","533-SAIH SHUAIB 4","10766"
"null","117-المرر","53","2024-08-07 14:14:42","117-AL MURAR","38294"
"null","919-اليفره 4","101","2024-08-07 14:14:42","919-AL YUFRAH 4","3"
"null","621-ورسان الأولى","204","2024-08-07 14:14:42","621-WARSAN FIRST","97159"
"null","343-الوصل","86","2024-08-07 14:14:42","343-AL WASL","11156"
"null","394-الثنيه الرابعة (تلال الامارات الثالثة)","805","2024-08-07 14:14:42","394-AL THANYAH FOURTH (EMIRATE HILLS THIRD) ","28424"
"null","325-زعبيل الأولى","553","2024-08-07 14:14:42","325-ZAABEEL FIRST","3331"
"null","978-سيح شعيله","735","2024-08-07 14:14:42","978-SAIH SHUAALAH","3"
"null","622-ورسان الثانية","488","2024-08-07 14:14:42","622-WARSAN SECOND","1380"
"null","315-ام هرير الثانية","498","2024-08-07 14:14:42","315-UM HURAIR SECOND","5414"
"null","914-أم نهد الرابعة","426","2024-08-07 14:14:42","914-UMM NAHAD FOURTH","4"
"null","373-البرشاء الأولى","815","2024-08-07 14:14:42","373-AL BARSHAA FIRST","41532"
"null","941-قريطيسه","572","2024-08-07 14:14:42","941-GRAYTEESAH","55"
"null","303-جزر العالم","158","2024-08-07 14:14:42","303-WORLD ISLANDS","7"
"null","915-اليفره 1","97","2024-08-07 14:14:42","915-AL YUFRAH 1","403"
"null","643-وادي الصفا 2","461","2024-08-07 14:14:42","643-WADI AL SAFA 2","10678"
"null","981-مقطره","563","2024-08-07 14:14:42","981-MUGATRAH","805"
"null","394-الثنيه الرابعة (تلال الامارات الثالثة)","938","2024-08-07 14:14:42","394-AL THANYAH FOURTH (EMIRATE HILLS THIRD) ","28990"
"null","615-ند الشبا الثانية","319","2024-08-07 14:14:42","615-NAD AL SHIBBA SECOND","2389"
"null","118-نايف","1117","2024-08-07 14:14:42","118-NAIF","53403"
"null","281-الخوانيج الأولى","983","2024-08-07 14:14:42","281-AL KHAWANEEJ ONE","13946"
"null","221-مطار دبي الدولي","355","2024-08-07 14:14:42","221-DUBAI  AIRPORT","22"
"null","332-جميرا الأولى","898","2024-08-07 14:14:42","332-JUMEIRA FIRST","21496"
"null","283-العياص","507","2024-08-07 14:14:42","283-AL AYAS","1770"
"null","101-نخلة ديرة","531","2024-08-07 14:14:42","101-NAKHLAT DEIRA","2"
"null","313-الحمرية","860","2024-08-07 14:14:42","313-AL HAMRIYA","38215"
"null","612-رأس الخور الصناعية الأولى","211","2024-08-07 14:14:42","612-RAS AL KHOR IND. FIRST","2393"
"null","383-الثنيه الأولى (قرية ربيع الصحراء)","648","2024-08-07 14:14:42","383-AL THANYAH FIRST (V. RABIE SAHRAA)","25202"
"null","354-القوز الأولى","80","2024-08-07 14:14:42","354-AL GOZE FIRST","18845"
"null","365-القوز الصناعية الثانية ","821","2024-08-07 14:14:42","365-AL GOZE IND. SECOND ","128867"
"null","321-مدينه دبي الملاحيه (الميناء)","288","2024-08-07 14:14:42","321-MADINAT DUBAI AL MELAHEYAH (AL MINA)","15172"
"null","326-الجداف","380","2024-08-07 14:14:42","326-AL JADAF","5104"
"null","369-القوز الصناعية الرابعة ","917","2024-08-07 14:14:42","369-AL GOZE IND. FOURTH ","39092"
"null","511-حصيان الاولى","1074","2024-08-07 14:14:42","511-HESSYAN FIRST","3365"
"null","941-قريطيسه","438","2024-08-07 14:14:42","941-GRAYTEESAH","55"
"null","234-القصيص الثالثة","193","2024-08-07 14:14:42","234-AL QUSAIS THIRD","6812"
"null","826-الحميرا","768","2024-08-07 14:14:42","826-LE HEMAIRA","56"
"null","424- الورقاء الرابعة ","6","2024-08-07 14:14:42","424-AL WARQAA FOURTH ","12910"
"null","335-المركز التجاري الأولى","548","2024-08-07 14:14:42","335-TRADE CENTER FIRST","16734"
"null","393-الثنيه الخامسة (تلال الامارات الاولى)","386","2024-08-07 14:14:42","393-AL THANYAH FIFTH (EMIRATE HILLS FIRST) ","40586"
"null","346-الخليج التجاري","266","2024-08-07 14:14:42","346-AL KALIJ AL TEJARI","21179"
"null","324-الكفاف","144","2024-08-07 14:14:42","324-AL KIFAF","2"
"null","686-معيصم الثانية","130","2024-08-07 14:14:42","686-MEAISEM SECOND","11"
"null","363-المنارة","635","2024-08-07 14:14:42","363-AL MANARA","8443"
"null","991-حفير","560","2024-08-07 14:14:42","991-HEFAIR","0"
"null","359-القوز الرابعة","257","2024-08-07 14:14:42","359-AL GOZE FOURTH","22718"
"null","916-اليفره 2","428","2024-08-07 14:14:42","916-AL YUFRAH 2","58"
"null","242-القصيص الصناعية الأولى","837","2024-08-07 14:14:42","242-AL QUSAIS IND. FIRST","10813"
"null","845-المها","272","2024-08-07 14:14:42","845-AL MAHA","193"
"null","316-الرفاعة","971","2024-08-07 14:14:42","316-AL RAFFA","49440"
"null","727-الوحوش","673","2024-08-07 14:14:42","727-AL WOHOOSH","46"
"null","598-مجمع دبي للإستثمارالاول","477","2024-08-07 14:14:42","598-DUBAI INVESTMENT PARK1","69117"
"null","323-الجافلية","873","2024-08-07 14:14:42","323-AL JAFLIYA","25033"
"null","346-الخليج التجاري","953","2024-08-07 14:14:42","346-AL KALIJ AL TEJARI","24410"
"null","228-الطوار الثالثة","189","2024-08-07 14:14:42","228-AL TWAR THIRD","10217"
"null","922-اليلايس 2","103","2024-08-07 14:14:42","922-AL YALAYIS 2","217"
"null","266-عود المطينة الثانية ","308","2024-08-07 14:14:42","266-OUD AL MUTEEN SECOND ","5506"
"null","267-محصينة الخامسة ","986","2024-08-07 14:14:42","267-MUHAISANAH FIFTH","2"
"null","812-الرويه الأولى","920","2024-08-07 14:14:42","812-AL ROWAIYAH FIRST","3283"
"null","618-ند الشبا الأولى","1029","2024-08-07 14:14:42","618-NAD AL SHIBBA FIRST","6872"
"null","234-القصيص الثالثة","839","2024-08-07 14:14:42","234-AL QUSAIS THIRD","7513"
"null","122-البراحة","170","2024-08-07 14:14:42","122-AL BARAHA","24373"
"null","521-مدينة المطار","16","2024-08-07 14:14:42","521-MADINAT AL MATAAR","2183"
"null","531-سيح شعيب 2","786","2024-08-07 14:14:42","531-SAIH SHUAIB 2","12629"
"null","124-المرقبات","172","2024-08-07 14:14:42","124-AL MURQABAT","68717"
"null","861-يراح","1092","2024-08-07 14:14:42","861-YARAAH","101"
"null","684-البرشاء جنوب الخامسة","128","2024-08-07 14:14:42","684-AL BARSHA SOUTH FIFTH","6753"
"null","664-وادي الصفا 6 (المرابع العربية)","655","2024-08-07 14:14:42","664-WADI AL SAFA 6 (ARABIAN RANCHES)","18511"
"null","119-الرقة","620","2024-08-07 14:14:42","119-AL REGA","10623"
"null","321-مدينه دبي الملاحيه (الميناء)","967","2024-08-07 14:14:42","321-MADINAT DUBAI AL MELAHEYAH (AL MINA)","8440"
"null","247-القصيص الصناعية الرابعة","832","2024-08-07 14:14:42","247-AL QUSAIS IND. FOURTH","2865"
"null","615-ند الشبا الثانية","483","2024-08-07 14:14:42","615-NAD AL SHIBBA SECOND","2486"
"null","221-مطار دبي الدولي","842","2024-08-07 14:14:42","221-DUBAI  AIRPORT","121"
"null","424- الورقاء الرابعة ","1069","2024-08-07 14:14:42","424-AL WARQAA FOURTH ","14575"
"null","614-رأس الخور الصناعية الثالثة","209","2024-08-07 14:14:42","614-RAS AL KHOR IND. THIRD","21500"
"null","824-أم الدمن","769","2024-08-07 14:14:42","824-UMM AL DAMAN","299"
"null","912-أم نهد الثانية","585","2024-08-07 14:14:42","912-UMM NAHAD SECOND","2"
"null","362-ام سقيم الثانية","772","2024-08-07 14:14:42","362-UM SUQAIM SECOND","13236"
"null","251-مردف","830","2024-08-07 14:14:42","251-MURDAF","66736"
"null","312-السوق الكبير","859","2024-08-07 14:14:42","312-AL SUQ AL KABEER","52439"
"null","304-جزيرة جميرا 2","503","2024-08-07 14:14:42","304-JUMEIRA ISLAND 2","3"
"null","366-ام سقيم الثالثة","252","2024-08-07 14:14:42","366-UM SUQAIM THIRD","7520"
"null","616-ند الشبا الثالثة","1027","2024-08-07 14:14:42","616-NAD AL SHIBBA THIRD","1259"
"null","841-مرغم","593","2024-08-07 14:14:42","841-MARGHAM","1023"
"null","721-العوير الثانية","671","2024-08-07 14:14:42","721-AL AWEER TWO","5710"
"null","132-الوحيدة","875","2024-08-07 14:14:42","132-AL WAHEDA","21608"
"null","111-الكورنيش","47","2024-08-07 14:14:42","111-AL CORNICHE","1655"
"null","334-السطوة","377","2024-08-07 14:14:42","334-AL SATWA","38991"
"null","251-مردف","520","2024-08-07 14:14:42","251-MURDAF","65044"
"null","319-عود ميثاء","148","2024-08-07 14:14:42","319-OUD METHA","13616"
"null","243-القصيص الصناعية الثانية","526","2024-08-07 14:14:42","243-AL QUSAIS IND. SECOND","8967"
"null","917-المرموم","99","2024-08-07 14:14:42","917-AL MARMOOM","79"
"null","813-الرويه الثانية","729","2024-08-07 14:14:42","813-AL ROWAIYAH SECOND","0"
"null","281-الخوانيج الأولى","509","2024-08-07 14:14:42","281-AL KHAWANEEJ ONE","13206"
"null","845-المها","27","2024-08-07 14:14:42","845-AL MAHA","175"
"null","911-أم نهد الأولى","423","2024-08-07 14:14:42","911-UMM NAHAD FIRST","8"
"null","118-نايف","54","2024-08-07 14:14:42","118-NAIF","48804"
"null","975-العشوش","565","2024-08-07 14:14:42","975-AL OSHOOSH","3"
"null","268-عود المطينة الثالثة","511","2024-08-07 14:14:42","268-OUD AL MUTEEN THIRD ","6847"
"null","422-الورقاء الثانية","799","2024-08-07 14:14:42","422-AL WARQAA  SECOND","11323"
"null","359-القوز الرابعة","932","2024-08-07 14:14:42","359-AL GOZE FOURTH","21942"
"null","352-جميرا الثالثة","82","2024-08-07 14:14:42","352-JUMEIRA THIRD","12493"
"null","376-البرشاء الثانية","63","2024-08-07 14:14:42","376-AL BAESHAA SECOND","14815"
"null","988-الليان 2","561","2024-08-07 14:14:42","988-AL LAYAN 2","0"
"null","922-اليلايس 2","1104","2024-08-07 14:14:42","922-AL YALAYIS 2","5292"
"null","242-القصيص الصناعية الأولى","240","2024-08-07 14:14:42","242-AL QUSAIS IND. FIRST","9369"
"null","961-الصلال","37","2024-08-07 14:14:42","961-AL SELAL","660"
"null","375-البرشاء الثالثة","912","2024-08-07 14:14:42","375-AL BARSHAA THIRD","15716"
"null","302-شاطئ جميرا","159","2024-08-07 14:14:42","302-JUMEIRA BAY","39"
"null","302-شاطئ جميرا","979","2024-08-07 14:14:42","302-JUMEIRA BAY","50"
"null","664-وادي الصفا 6 (المرابع العربية)","705","2024-08-07 14:14:42","664-WADI AL SAFA 6 (ARABIAN RANCHES)","18856"
"null","134-الممزر","181","2024-08-07 14:14:42","134-AL MAMZER","14178"
"null","315-ام هرير الثانية","293","2024-08-07 14:14:42","315-UM HURAIR SECOND","5328"
"null","118-نايف","784","2024-08-07 14:14:42","118-NAIF","53075"
"null","116-عيال ناصر","376","2024-08-07 14:14:42","116-AYAL NASIR","19280"
"null","518-جبل علي الصناعية الثانية","15","2024-08-07 14:14:42","518-JABAL ALI INDUSTRIAL SECOND","23000"
"null","423-الورقاء الثالثة","400","2024-08-07 14:14:42","423-AL WARQAA THIRD","14728"
"null","423-الورقاء الثالثة","539","2024-08-07 14:14:42","423-AL WARQAA THIRD","15147"
"null","312-السوق الكبير","296","2024-08-07 14:14:42","312-AL SUQ AL KABEER","51012"
"null","129-بور سعيد","177","2024-08-07 14:14:42","129-PORT SAEED","13266"
"null","282-الخوانيج الثانية","303","2024-08-07 14:14:42","282-AL KHAWANEEJ TWO","4523"
"null","101-نخلة ديرة","392","2024-08-07 14:14:42","101-NAKHLAT DEIRA","2"
"null","415-الخيران الأولى","802","2024-08-07 14:14:42","415-AL KHAIRAN FIRST","2086"
"null","677-الحبيه السادسة","1047","2024-08-07 14:14:42","677-AL HEBIAH SIXTH","2483"
"null","987-الليان 1","929","2024-08-07 14:14:42","987-AL LAYAN 1","300"
"null","311-الشندغة","502","2024-08-07 14:14:42","311-AL SHANDAGA","7"
"null","114-البطين","780","2024-08-07 14:14:42","114-AL BUTEEN","3016"
"null","924-اليلايس 4","435","2024-08-07 14:14:42","924-AL YALAYIS 4","8"
"null","382-الصفوح الثانية","647","2024-08-07 14:14:42","382-AL SOFOUH SECOND","6226"
"null","925-اليلايس 5","436","2024-08-07 14:14:42","925-AL YALAYIS 5","100"
"null","511-حصيان الاولى","11","2024-08-07 14:14:42","511-HESSYAN FIRST","3300"
"null","975-العشوش","40","2024-08-07 14:14:42","975-AL OSHOOSH","0"
"null","831-لهباب الثانية","24","2024-08-07 14:14:42","831-LEHBAB SECOND","1363"
"null","129-بور سعيد","894","2024-08-07 14:14:42","129-PORT SAEED","14241"
"null","376-البرشاء الثانية","911","2024-08-07 14:14:42","376-AL BAESHAA SECOND","16759"
"null","845-المها","1088","2024-08-07 14:14:42","845-AL MAHA","206"
"null","945-الفقع","439","2024-08-07 14:14:42","945-AL FAGAA","417"
"null","228-الطوار الثالثة","999","2024-08-07 14:14:42","228-AL TWAR THIRD","11439"
"null","326-الجداف","142","2024-08-07 14:14:42","326-AL JADAF","4197"
"null","356-ام سقيم الأولى","260","2024-08-07 14:14:42","356-UM SUQAIM FIRST","11718"
"null","592-جبل علي الثانية","21","2024-08-07 14:14:42","592-JABAL ALI  SECOND","1561"
"null","343-الوصل","544","2024-08-07 14:14:42","343-AL WASL","11725"
"null","245-محيصنة الرابعة","237","2024-08-07 14:14:42","245-MUHAISANAH FOURTH","34947"
"null","233-القصيص الثانية","840","2024-08-07 14:14:42","233-AL QUSAIS SECOND","12851"
"null","621-ورسان الأولى","323","2024-08-07 14:14:42","621-WARSAN FIRST","106072"
"null","221-مطار دبي الدولي","186","2024-08-07 14:14:42","221-DUBAI  AIRPORT","22"
"null","684-البرشاء جنوب الخامسة","344","2024-08-07 14:14:42","684-AL BARSHA SOUTH FIFTH","7384"
"null","857-مرقب","1091","2024-08-07 14:14:42","857-MARGAB","671"
"null","241-النهدة الثانية","194","2024-08-07 14:14:42","241-AL NAHDA SECOND","56489"
"null","242-القصيص الصناعية الأولى","195","2024-08-07 14:14:42","242-AL QUSAIS IND. FIRST","8362"
"null","821-مرييل","770","2024-08-07 14:14:42","821-MEREIYEEL","424"
"null","915-اليفره 1","1098","2024-08-07 14:14:42","915-AL YUFRAH 1","403"
"null","961-الصلال","939","2024-08-07 14:14:42","961-AL SELAL","685"
"null","336-المركز التجاري الثانية","353","2024-08-07 14:14:42","336-TRADE CENTER SECOND","12218"
"null","683-الحبيه الخامسة","666","2024-08-07 14:14:42","683-AL HEBIAH FIFTH","9897"
"null","125-رقة البطين","615","2024-08-07 14:14:42","125-REGA AL BUTEEN","7216"
"null","244-محيصنة الثالثة","525","2024-08-07 14:14:42","244-MUHAISANAH THIRD","6649"
"null","116-عيال ناصر","782","2024-08-07 14:14:42","116-AYAL NASIR","19820"
"null","683-الحبيه الخامسة","1050","2024-08-07 14:14:42","683-AL HEBIAH FIFTH","10412"
"null","624-ورسان الرابعة","1032","2024-08-07 14:14:42","624-WARSAN FOURTH","10205"
"null","961-الصلال","442","2024-08-07 14:14:42","961-AL SELAL","665"
"null","365-القوز الصناعية الثانية ","923","2024-08-07 14:14:42","365-AL GOZE IND. SECOND ","129757"
"null","672-البرشاء جنوب الثانية","1042","2024-08-07 14:14:42","672-AL BARSHA SOUTH SECOND","7350"
"null","922-اليلايس 2","433","2024-08-07 14:14:42","922-AL YALAYIS 2","1364"
"null","358-القوز الثالثة","933","2024-08-07 14:14:42","358-AL GOZE THIRD","50697"
"null","271-وادي العمردي","164","2024-08-07 14:14:42","271-WADI ALAMRADI","3193"
"null","335-المركز التجاري الأولى","904","2024-08-07 14:14:42","335-TRADE CENTER FIRST","17676"
"null","814-الرويه الثالثة","914","2024-08-07 14:14:42","814-AL ROWAIYAH THIRD","4938"
"null","354-القوز الأولى","957","2024-08-07 14:14:42","354-AL GOZE FIRST","21751"
"null","431-وادي الشبك ","1071","2024-08-07 14:14:42","431-WADI ALSHABAK ","90"
"null","501-نخلة جبل علي","9","2024-08-07 14:14:42","501-NAKHLAT JABAL ALI","5"
"null","367-ام الشيف","251","2024-08-07 14:14:42","367-UM AL SHEIF","4367"
"null","263-المزهر الثانية","218","2024-08-07 14:14:42","263-AL MEZHAR SECOND","10781"
"null","314-ام هرير الأولى","294","2024-08-07 14:14:42","314-UM HURAIR FIRST","5856"
"null","333-البدع","945","2024-08-07 14:14:42","333-AL BADA","58965"
"null","516-جبل علي الصناعية الثالثة ","1077","2024-08-07 14:14:42","516-JABAL ALI INDUSTRIAL THIRD","0"
"null","921-اليلايس 1","492","2024-08-07 14:14:42","921-AL YALAYIS 1","1130"
"null","326-الجداف","877","2024-08-07 14:14:42","326-AL JADAF","6947"
"null","914-أم نهد الرابعة","1097","2024-08-07 14:14:42","914-UMM NAHAD FOURTH","4"
"null","981-مقطره","930","2024-08-07 14:14:42","981-MUGATRAH","348"
"null","132-الوحيدة","1129","2024-08-07 14:14:42","132-AL WAHEDA","21686"
"null","364-القوز الصناعية الأولى ","636","2024-08-07 14:14:42","364-AL GOZE IND. FIRST ","25860"
"null","971-سيح الدحل","444","2024-08-07 14:14:42","971-SAIH AL DAHAL","16"
"null","424- الورقاء الرابعة ","797","2024-08-07 14:14:42","424-AL WARQAA FOURTH ","14308"
"null","246-القصيص الصناعية الثالثة","1009","2024-08-07 14:14:42","246-AL QUSAIS IND. THIRD","2838"
"null","681-البرشاء جنوب الرابعة","664","2024-08-07 14:14:42","681-AL BARSHA SOUTH FOURTH","26331"
"null","313-الحمرية","295","2024-08-07 14:14:42","313-AL HAMRIYA","36738"
"null","592-جبل علي الثانية","1016","2024-08-07 14:14:42","592-JABAL ALI  SECOND","1011"
"null","826-الحميرا","1084","2024-08-07 14:14:42","826-LE HEMAIRA","56"
"null","345-برج خليفة","267","2024-08-07 14:14:42","345-BURJ KHALIFA","20477"
"null","121-كورنيش ديرة","619","2024-08-07 14:14:42","121-CORNICHE DEIRA","14"
"null","114-البطين","625","2024-08-07 14:14:42","114-AL BUTEEN","2869"
"null","227-الطوار الثانية","844","2024-08-07 14:14:42","227-AL TWAR SECOND","5068"
"null","593-جبل علي الثالثة","700","2024-08-07 14:14:42","593-JABAL ALI THIRD","218"
"null","624-ورسان الرابعة","325","2024-08-07 14:14:42","624-WARSAN FOURTH","8994"
"null","811-ورسان الثالثة","106","2024-08-07 14:14:42","811-WARSAN THIRD","13316"
"null","956-الحثمة","943","2024-08-07 14:14:42","956-AL HATHMAH","37"
"null","851-رماح","270","2024-08-07 14:14:42","851-REMAH","232"
"null","891-حتا","32","2024-08-07 14:14:42","891-HATTA","13295"
"null","682-الحبيه الرابعة","715","2024-08-07 14:14:42","682-AL HEBIAH FOURTH","21609"
"null","332-جميرا الأولى","961","2024-08-07 14:14:42","332-JUMEIRA FIRST","21914"
"null","591-جبل علي الأولى","702","2024-08-07 14:14:42","591-JABAL ALI FIRST","77363"
"null","227-الطوار الثانية","998","2024-08-07 14:14:42","227-AL TWAR SECOND","5184"
"null","248-القصيص الصناعية الخامسة","234","2024-08-07 14:14:42","248-AL QUSAIS IND FIFTH","1613"
"null","676-الحبيه الثالثة","712","2024-08-07 14:14:42","676-AL HEBIAH THIRD","7238"
"null","247-القصيص الصناعية الرابعة","224","2024-08-07 14:14:42","247-AL QUSAIS IND. FOURTH","2476"
"null","337-زعبيل الثانية","546","2024-08-07 14:14:42","337-ZAABEEL SECOND","8258"
"null","851-رماح","590","2024-08-07 14:14:42","851-REMAH","232"
"null","921-اليلايس 1","432","2024-08-07 14:14:42","921-AL YALAYIS 1","1114"
"null","812-الرويه الأولى","678","2024-08-07 14:14:42","812-AL ROWAIYAH FIRST","3152"
"null","727-الوحوش","1057","2024-08-07 14:14:42","727-AL WOHOOSH","47"
"null","283-العياص","161","2024-08-07 14:14:42","283-AL AYAS","1706"
"null","921-اليلايس 1","1103","2024-08-07 14:14:42","921-AL YALAYIS 1","2494"
"null","381-نخلة جميرا ","62","2024-08-07 14:14:42","381-NAKHLAT JUMEIRA ","22333"
"null","131-ميناء الحمرية","178","2024-08-07 14:14:42","131-AL HAMRIYA PORT","468"
"null","626-ند حصة","1033","2024-08-07 14:14:42","626-NADD HESSA","50559"
"null","388-الثنيه الثالثة (تلال الامارات الثانية)","388","2024-08-07 14:14:42","388-AL THANYAH THIRD (EMIRATE HILLS SECOND)","21442"
"null","316-الرفاعة","292","2024-08-07 14:14:42","316-AL RAFFA","47140"
"null","664-وادي الصفا 6 (المرابع العربية)","116","2024-08-07 14:14:42","664-WADI AL SAFA 6 (ARABIAN RANCHES)","16179"
"null","319-عود ميثاء","289","2024-08-07 14:14:42","319-OUD METHA","14901"
"null","891-حتا","1093","2024-08-07 14:14:42","891-HATTA","15324"
"null","923-اليلايس 3","434","2024-08-07 14:14:42","923-AL YALAYIS 3","4"
"null","727-الوحوش","286","2024-08-07 14:14:42","727-AL WOHOOSH","46"
"null","672-البرشاء جنوب الثانية","708","2024-08-07 14:14:42","672-AL BARSHA SOUTH SECOND","7239"
"null","618-ند الشبا الأولى","322","2024-08-07 14:14:42","618-NAD AL SHIBBA FIRST","5948"
"null","521-مدينة المطار","411","2024-08-07 14:14:42","521-MADINAT AL MATAAR","2697"
"null","245-محيصنة الرابعة","524","2024-08-07 14:14:42","245-MUHAISANAH FOURTH","35083"
"null","423-الورقاء الثالثة","5","2024-08-07 14:14:42","423-AL WARQAA THIRD","14208"
"null","315-ام هرير الثانية","972","2024-08-07 14:14:42","315-UM HURAIR SECOND","5746"
"null","981-مقطره","447","2024-08-07 14:14:42","981-MUGATRAH","804"
"null","368-القوز الصناعية الثالثة ","818","2024-08-07 14:14:42","368-AL GOZE IND. THIRD ","17306"
"null","392-مرسى دبي (الميناء السياحي) ","905","2024-08-07 14:14:42","392-MARSA DUBAI (AL MINA AL SEYAHI) ","63804"
"null","125-رقة البطين","885","2024-08-07 14:14:42","125-REGA AL BUTEEN","7538"
"null","122-البراحة","371","2024-08-07 14:14:42","122-AL BARAHA","24747"
"null","375-البرشاء الثالثة","311","2024-08-07 14:14:42","375-AL BARSHAA THIRD","14601"
"null","392-مرسى دبي (الميناء السياحي) ","807","2024-08-07 14:14:42","392-MARSA DUBAI (AL MINA AL SEYAHI) ","62570"
"null","664-وادي الصفا 6 (المرابع العربية)","332","2024-08-07 14:14:42","664-WADI AL SAFA 6 (ARABIAN RANCHES)","18213"
"null","431-وادي الشبك ","8","2024-08-07 14:14:42","431-WADI ALSHABAK ","55"
"null","412-الخيران","384","2024-08-07 14:14:42","412-AL KHEERAN","4982"
"null","343-الوصل","350","2024-08-07 14:14:42","343-AL WASL","11555"
"null","599-جبل علي الصناعية الأولى","478","2024-08-07 14:14:42","599-JABAL ALI INDUSTRIAL FIRST","147777"
"null","265-عود المطينة الأولى","227","2024-08-07 14:14:42","265-OUD AL MUTEEN FIRST","14672"
"null","117-المرر","783","2024-08-07 14:14:42","117-AL MURAR","40105"
"null","388-الثنيه الثالثة (تلال الامارات الثانية)","58","2024-08-07 14:14:42","388-AL THANYAH THIRD (EMIRATE HILLS SECOND)","17737"
"null","981-مقطره","42","2024-08-07 14:14:42","981-MUGATRAH","804"
"null","128-الخبيصي","176","2024-08-07 14:14:42","128-AL KHBEESI","1952"
"null","685-معيصم الأولى","668","2024-08-07 14:14:42","685-MEAISEM FIRST","18233"
"null","613-رأس الخور الصناعية الثانية","693","2024-08-07 14:14:42","613-RAS AL KHOR IND. SECOND","1833"
"null","512-حصيان الثانية","407","2024-08-07 14:14:42","512-HESSYAN SECOND","45"
"null","112-الرأس","778","2024-08-07 14:14:42","112-AL RASS","8067"
"null","673-البرشاء جنوب الثالثة","659","2024-08-07 14:14:42","673-AL BARSHA SOUTH THIRD","7023"
"null","314-ام هرير الأولى","973","2024-08-07 14:14:42","314-UM HURAIR FIRST","6611"
"null","533-سيح شعيب 4","471","2024-08-07 14:14:42","533-SAIH SHUAIB 4","11170"
"null","366-ام سقيم الثالثة","820","2024-08-07 14:14:42","366-UM SUQAIM THIRD","7777"
"null","243-القصيص الصناعية الثانية","196","2024-08-07 14:14:42","243-AL QUSAIS IND. SECOND","8063"
"null","393-الثنيه الخامسة (تلال الامارات الاولى)","806","2024-08-07 14:14:42","393-AL THANYAH FIFTH (EMIRATE HILLS FIRST) ","40957"
"null","532-سيح شعيب 3","1081","2024-08-07 14:14:42","532-SAIH SHUAIB 3","4684"
"null","214-القرهود","358","2024-08-07 14:14:42","214-AL GARHOUD","18535"
"null","618-ند الشبا الأولى","688","2024-08-07 14:14:42","618-NAD AL SHIBBA FIRST","6589"
"null","359-القوز الرابعة","75","2024-08-07 14:14:42","359-AL GOZE FOURTH","21788"
"null","316-الرفاعة","151","2024-08-07 14:14:42","316-AL RAFFA","42904"
"null","921-اليلايس 1","749","2024-08-07 14:14:42","921-AL YALAYIS 1","1679"
"null","518-جبل علي الصناعية الثانية","467","2024-08-07 14:14:42","518-JABAL ALI INDUSTRIAL SECOND","23000"
"null","231-النهدة الأولى","577","2024-08-07 14:14:42","231-AL NAHDA FIRST","31828"
"null","283-العياص","853","2024-08-07 14:14:42","283-AL AYAS","1843"
"null","134-الممزر","867","2024-08-07 14:14:42","134-AL MAMZER","16534"
"null","388-الثنيه الثالثة (تلال الامارات الثانية)","650","2024-08-07 14:14:42","388-AL THANYAH THIRD (EMIRATE HILLS SECOND)","21769"
"null","531-سيح شعيب 2","412","2024-08-07 14:14:42","531-SAIH SHUAIB 2","14491"
"null","861-يراح","760","2024-08-07 14:14:42","861-YARAAH","100"
"null","425- الورقاء الخامسة ","796","2024-08-07 14:14:42","425-AL WARQAA FIFTH ","0"
"null","318-الكرامة","868","2024-08-07 14:14:42","318-AL KARAMA","76591"
"null","915-اليفره 1","582","2024-08-07 14:14:42","915-AL YUFRAH 1","403"
"null","264-محيصنة الثانية ","989","2024-08-07 14:14:42","264-MUHAISANAH SECOND ","150710"
"null","234-القصيص الثالثة","1003","2024-08-07 14:14:42","234-AL QUSAIS THIRD","7685"
"null","376-البرشاء الثانية","813","2024-08-07 14:14:42","376-AL BAESHAA SECOND","16417"
"null","501-نخلة جبل علي","535","2024-08-07 14:14:42","501-NAKHLAT JABAL ALI","5"
"null","216-الراشدية","356","2024-08-07 14:14:42","216-AL RASHIDIYA","37167"
"null","364-القوز الصناعية الأولى ","925","2024-08-07 14:14:42","364-AL GOZE IND. FIRST ","28561"
"null","345-برج خليفة","543","2024-08-07 14:14:42","345-BURJ KHALIFA","20795"
"null","671-البرشاء جنوب الأولى","334","2024-08-07 14:14:42","671-AL BARSHA SOUTH FIRST","13717"
"null","213-ند شما","606","2024-08-07 14:14:42","213-NAD SHAMMA","3200"
"null","612-رأس الخور الصناعية الأولى","451","2024-08-07 14:14:42","612-RAS AL KHOR IND. FIRST","2550"
"null","262-المزهر الأولى","230","2024-08-07 14:14:42","262-AL MEZHAR FIRST","16552"
"null","226-الطوار الأولى","843","2024-08-07 14:14:42","226-AL TWAR FIRST","12114"
"null","518-جبل علي الصناعية الثانية","410","2024-08-07 14:14:42","518-JABAL ALI INDUSTRIAL SECOND","23000"
"null","362-ام سقيم الثانية","256","2024-08-07 14:14:42","362-UM SUQAIM SECOND","12325"
"null","975-العشوش","736","2024-08-07 14:14:42","975-AL OSHOOSH","3"
"null","648-وادي الصفا 5","679","2024-08-07 14:14:42","648-WADI AL SAFA 5","20479"
"null","335-المركز التجاري الأولى","354","2024-08-07 14:14:42","335-TRADE CENTER FIRST","16519"
"null","114-البطين","1113","2024-08-07 14:14:42","114-AL BUTEEN","3081"
"null","511-حصيان الاولى","406","2024-08-07 14:14:42","511-HESSYAN FIRST","3492"
"null","322-الحضيبة","287","2024-08-07 14:14:42","322-AL HUDAIBA","14191"
"null","357-الصفا الثانية","960","2024-08-07 14:14:42","357-AL SAFFA SECOND","7207"
"null","987-الليان 1","562","2024-08-07 14:14:42","987-AL LAYAN 1","0"
"null","672-البرشاء جنوب الثانية","335","2024-08-07 14:14:42","672-AL BARSHA SOUTH SECOND","7509"
"null","727-الوحوش","134","2024-08-07 14:14:42","727-AL WOHOOSH","46"
"null","622-ورسان الثانية","686","2024-08-07 14:14:42","622-WARSAN SECOND","1409"
"null","821-مرييل","110","2024-08-07 14:14:42","821-MEREIYEEL","1119"
"null","987-الليان 1","448","2024-08-07 14:14:42","987-AL LAYAN 1","10"
"null","684-البرشاء جنوب الخامسة","1051","2024-08-07 14:14:42","684-AL BARSHA SOUTH FIFTH","7997"
"null","826-الحميرا","23","2024-08-07 14:14:42","826-LE HEMAIRA","53"
"null","975-العشوش","934","2024-08-07 14:14:42","975-AL OSHOOSH","3"
"null","112-الرأس","48","2024-08-07 14:14:42","112-AL RASS","7314"
"null","413-رأس الخور","457","2024-08-07 14:14:42","413-RAS AL KHOR","2"
"null","621-ورسان الأولى","1030","2024-08-07 14:14:42","621-WARSAN FIRST","108637"
"null","824-أم الدمن","1062","2024-08-07 14:14:42","824-UMM AL DAMAN","301"
"null","267-محصينة الخامسة ","166","2024-08-07 14:14:42","267-MUHAISANAH FIFTH","2"
"null","129-بور سعيد","611","2024-08-07 14:14:42","129-PORT SAEED","13708"
"null","597-مجمع دبي للإستثمار الثاني","698","2024-08-07 14:14:42","597-DUBAI INVESTMENT PARK2","80118"
"null","422-الورقاء الثانية","399","2024-08-07 14:14:42","422-AL WARQAA  SECOND","10689"
"null","265-عود المطينة الأولى","168","2024-08-07 14:14:42","265-OUD AL MUTEEN FIRST","12510"
"null","324-الكفاف","874","2024-08-07 14:14:42","324-AL KIFAF","602"
"null","363-المنارة","771","2024-08-07 14:14:42","363-AL MANARA","8745"
"null","388-الثنيه الثالثة (تلال الامارات الثانية)","906","2024-08-07 14:14:42","388-AL THANYAH THIRD (EMIRATE HILLS SECOND)","22829"
"null","317-المنخول","496","2024-08-07 14:14:42","317-AL MANKHOOL","40520"
"null","394-الثنيه الرابعة (تلال الامارات الثالثة)","91","2024-08-07 14:14:42","394-AL THANYAH FOURTH (EMIRATE HILLS THIRD) ","23488"
"null","375-البرشاء الثالثة","814","2024-08-07 14:14:42","375-AL BARSHAA THIRD","15401"
"null","113-الضغاية","49","2024-08-07 14:14:42","113-AL DHAGAYA","15453"
"null","683-الحبيه الخامسة","127","2024-08-07 14:14:42","683-AL HEBIAH FIFTH","8919"
"null","826-الحميرا","596","2024-08-07 14:14:42","826-LE HEMAIRA","53"
"null","413-رأس الخور","1063","2024-08-07 14:14:42","413-RAS AL KHOR","2"
"null","271-وادي العمردي","305","2024-08-07 14:14:42","271-WADI ALAMRADI","3368"
"null","232-القصيص الأولى","244","2024-08-07 14:14:42","232-AL QUSAIS FIRST","45657"
"null","322-الحضيبة","556","2024-08-07 14:14:42","322-AL HUDAIBA","14372"
"null","683-الحبيه الخامسة","716","2024-08-07 14:14:42","683-AL HEBIAH FIFTH","10302"
"null","919-اليفره 4","750","2024-08-07 14:14:42","919-AL YUFRAH 4","3"
"null","631-حدائق الشيخ محمد بن راشد","462","2024-08-07 14:14:42","631-HADAEQ SHEIKH MOHAMMED BIN RASHID","1688"
"null","685-معيصم الأولى","1052","2024-08-07 14:14:42","685-MEAISEM FIRST","18664"
"null","593-جبل علي الثالثة","1017","2024-08-07 14:14:42","593-JABAL ALI THIRD","218"
"null","353-الصفا الأولى","81","2024-08-07 14:14:42","353-AL SAFFA FIRST","7893"
"null","232-القصيص الأولى","847","2024-08-07 14:14:42","232-AL QUSAIS FIRST","48378"
"null","594-ميناء جبل علي","216","2024-08-07 14:14:42","594-MENA JABAL ALI","28600"
"null","591-جبل علي الأولى","472","2024-08-07 14:14:42","591-JABAL ALI FIRST","76016"
"null","978-سيح شعيله","446","2024-08-07 14:14:42","978-SAIH SHUAALAH","3"
"null","316-الرفاعة","864","2024-08-07 14:14:42","316-AL RAFFA","48546"
"null","501-نخلة جبل علي","404","2024-08-07 14:14:42","501-NAKHLAT JABAL ALI","5"
"null","835-أم المؤمنين","274","2024-08-07 14:14:42","835-UMM AL MOMENEEN","309"
"null","128-الخبيصي","612","2024-08-07 14:14:42","128-AL KHBEESI","2016"
"null","415-الخيران الأولى","396","2024-08-07 14:14:42","415-AL KHAIRAN FIRST","587"
"null","132-الوحيدة","179","2024-08-07 14:14:42","132-AL WAHEDA","20392"
"null","302-شاطئ جميرا","300","2024-08-07 14:14:42","302-JUMEIRA BAY","39"
"null","347-المركاض","954","2024-08-07 14:14:42","347-AL MERKADH","3875"
"null","101-نخلة ديرة","776","2024-08-07 14:14:42","101-NAKHLAT DEIRA","2"
"null","413-رأس الخور","395","2024-08-07 14:14:42","413-RAS AL KHOR","2"
"null","502-الواجهة البحرية","793","2024-08-07 14:14:42","502-AL WAJEHAH AL BHARIYAH","4"
"null","115-السبخة","624","2024-08-07 14:14:42","115-AL SABKHA","4020"
"null","352-جميرا الثالثة","264","2024-08-07 14:14:42","352-JUMEIRA THIRD","13417"
"null","355-القوز الثانية","958","2024-08-07 14:14:42","355-AL GOZE SECOND","5655"
"null","315-ام هرير الثانية","863","2024-08-07 14:14:42","315-UM HURAIR SECOND","5633"
"null","394-الثنيه الرابعة (تلال الامارات الثالثة)","653","2024-08-07 14:14:42","394-AL THANYAH FOURTH (EMIRATE HILLS THIRD) ","28164"
"null","913-أم نهد الثالثة","95","2024-08-07 14:14:42","913-UMM NAHAD THIRD","2329"
"null","271-وادي العمردي","510","2024-08-07 14:14:42","271-WADI ALAMRADI","3451"
"null","345-برج خليفة","85","2024-08-07 14:14:42","345-BURJ KHALIFA","18698"
"null","355-القوز الثانية","79","2024-08-07 14:14:42","355-AL GOZE SECOND","4551"
"null","614-رأس الخور الصناعية الثالثة","692","2024-08-07 14:14:42","614-RAS AL KHOR IND. THIRD","22247"
"null","304-جزيرة جميرا 2","857","2024-08-07 14:14:42","304-JUMEIRA ISLAND 2","3"
"null","245-محيصنة الرابعة","226","2024-08-07 14:14:42","245-MUHAISANAH FOURTH","32346"
"null","133-هور العنز شرق","1130","2024-08-07 14:14:42","133-HOR AL ANZ EAST","22143"
"null","814-الرويه الثالثة","730","2024-08-07 14:14:42","814-AL ROWAIYAH THIRD","4897"
"null","423-الورقاء الثالثة","798","2024-08-07 14:14:42","423-AL WARQAA THIRD","15613"
"null","283-العياص","981","2024-08-07 14:14:42","283-AL AYAS","1858"
"null","251-مردف","1012","2024-08-07 14:14:42","251-MURDAF","68346"
"null","324-الكفاف","382","2024-08-07 14:14:42","324-AL KIFAF","2"
"null","991-حفير","924","2024-08-07 14:14:42","991-HEFAIR","12"
"null","393-الثنيه الخامسة (تلال الامارات الاولى)","90","2024-08-07 14:14:42","393-AL THANYAH FIFTH (EMIRATE HILLS FIRST) ","37067"
"null","951-سيح السلم","741","2024-08-07 14:14:42","951-SAIH AL SALAM","615"
"null","676-الحبيه الثالثة","662","2024-08-07 14:14:42","676-AL HEBIAH THIRD","6955"
"null","369-القوز الصناعية الرابعة ","67","2024-08-07 14:14:42","369-AL GOZE IND. FOURTH ","38280"
"null","358-القوز الثالثة","258","2024-08-07 14:14:42","358-AL GOZE THIRD","40553"
"null","682-الحبيه الرابعة","1049","2024-08-07 14:14:42","682-AL HEBIAH FOURTH","21842"
"null","303-جزر العالم","856","2024-08-07 14:14:42","303-WORLD ISLANDS","7"
"null","213-ند شما","866","2024-08-07 14:14:42","213-NAD SHAMMA","3305"
"null","421-الورقاء الأولى","3","2024-08-07 14:14:42","421-AL WARQAA FIRST","21696"
"null","724-نخلي","1056","2024-08-07 14:14:42","724-ENKHALI","2"
"null","425- الورقاء الخامسة ","1070","2024-08-07 14:14:42","425-AL WARQAA FIFTH ","0"
"null","533-سيح شعيب 4","19","2024-08-07 14:14:42","533-SAIH SHUAIB 4","11170"
"null","711-العوير الأولى","131","2024-08-07 14:14:42","711-AL AWEER ONE","3587"
"null","533-سيح شعيب 4","414","2024-08-07 14:14:42","533-SAIH SHUAIB 4","11170"
"null","247-القصيص الصناعية الرابعة","1010","2024-08-07 14:14:42","247-AL QUSAIS IND. FOURTH","2932"
"null","824-أم الدمن","597","2024-08-07 14:14:42","824-UMM AL DAMAN","287"
"null","125-رقة البطين","1123","2024-08-07 14:14:42","125-REGA AL BUTEEN","7687"
"null","821-مرييل","1061","2024-08-07 14:14:42","821-MEREIYEEL","425"
"null","333-البدع","378","2024-08-07 14:14:42","333-AL BADA","56734"
"null","342-جميرا الثانية","87","2024-08-07 14:14:42","342-JUMEIRA SECOND","9380"
"null","121-كورنيش ديرة","1119","2024-08-07 14:14:42","121-CORNICHE DEIRA","15"
"null","392-مرسى دبي (الميناء السياحي) ","387","2024-08-07 14:14:42","392-MARSA DUBAI (AL MINA AL SEYAHI) ","61047"
"null","383-الثنيه الأولى (قرية ربيع الصحراء)","810","2024-08-07 14:14:42","383-AL THANYAH FIRST (V. RABIE SAHRAA)","25778"
"null","412-الخيران","804","2024-08-07 14:14:42","412-AL KHEERAN","5270"
"null","672-البرشاء جنوب الثانية","119","2024-08-07 14:14:42","672-AL BARSHA SOUTH SECOND","7057"
"null","615-ند الشبا الثانية","1026","2024-08-07 14:14:42","615-NAD AL SHIBBA SECOND","2613"
"null","971-سيح الدحل","39","2024-08-07 14:14:42","971-SAIH AL DAHAL","16"
"null","304-جزيرة جميرا 2","977","2024-08-07 14:14:42","304-JUMEIRA ISLAND 2","3"
"null","813-الرويه الثانية","108","2024-08-07 14:14:42","813-AL ROWAIYAH SECOND","25"
"null","365-القوز الصناعية الثانية ","253","2024-08-07 14:14:42","365-AL GOZE IND. SECOND ","159978"
"null","313-الحمرية","974","2024-08-07 14:14:42","313-AL HAMRIYA","38611"
"null","312-السوق الكبير","155","2024-08-07 14:14:42","312-AL SUQ AL KABEER","46929"
"null","925-اليلايس 5","574","2024-08-07 14:14:42","925-AL YALAYIS 5","100"
"null","671-البرشاء جنوب الأولى","118","2024-08-07 14:14:42","671-AL BARSHA SOUTH FIRST","13267"
"null","912-أم نهد الثانية","424","2024-08-07 14:14:42","912-UMM NAHAD SECOND","2"
"null","384-الثنيه الثانية (مضمار جبل علي)","59","2024-08-07 14:14:42","384-AL THANYAH SECOND (JEBEL ALI HORSE RACING)","115"
"null","116-عيال ناصر","52","2024-08-07 14:14:42","116-AYAL NASIR","18925"
"null","861-يراح","268","2024-08-07 14:14:42","861-YARAAH","94"
"null","232-القصيص الأولى","1001","2024-08-07 14:14:42","232-AL QUSAIS FIRST","49504"
"null","674-الحبيه الأولى","1044","2024-08-07 14:14:42","674-AL HEBIAH FIRST","11279"
"null","643-وادي الصفا 2","328","2024-08-07 14:14:42","643-WADI AL SAFA 2","10519"
"null","518-جبل علي الصناعية الثانية","1078","2024-08-07 14:14:42","518-JABAL ALI INDUSTRIAL SECOND","28152"
"null","264-محيصنة الثانية ","825","2024-08-07 14:14:42","264-MUHAISANAH SECOND ","148832"
"null","861-يراح","588","2024-08-07 14:14:42","861-YARAAH","95"
"null","924-اليلايس 4","105","2024-08-07 14:14:42","924-AL YALAYIS 4","8"
"null","961-الصلال","568","2024-08-07 14:14:42","961-AL SELAL","666"
"null","337-زعبيل الثانية","88","2024-08-07 14:14:42","337-ZAABEEL SECOND","7509"
"null","124-المرقبات","1122","2024-08-07 14:14:42","124-AL MURQABAT","73879"
"null","412-الخيران","92","2024-08-07 14:14:42","412-AL KHEERAN","4641"
"null","841-مرغم","273","2024-08-07 14:14:42","841-MARGHAM","1005"
"null","133-هور العنز شرق","361","2024-08-07 14:14:42","133-HOR AL ANZ EAST","21218"
"null","612-رأس الخور الصناعية الأولى","694","2024-08-07 14:14:42","612-RAS AL KHOR IND. FIRST","2160"
"null","648-وادي الصفا 5","331","2024-08-07 14:14:42","648-WADI AL SAFA 5","21241"
"null","421-الورقاء الأولى","398","2024-08-07 14:14:42","421-AL WARQAA FIRST","24679"
"null","616-ند الشبا الثالثة","690","2024-08-07 14:14:42","616-NAD AL SHIBBA THIRD","1137"
"null","831-لهباب الثانية","767","2024-08-07 14:14:42","831-LEHBAB SECOND","1601"
"null","914-أم نهد الرابعة","755","2024-08-07 14:14:42","914-UMM NAHAD FOURTH","4"
"null","111-الكورنيش","393","2024-08-07 14:14:42","111-AL CORNICHE","1735"
"null","851-رماح","762","2024-08-07 14:14:42","851-REMAH","195"
"null","357-الصفا الثانية","77","2024-08-07 14:14:42","357-AL SAFFA SECOND","6247"
"null","335-المركز التجاري الأولى","138","2024-08-07 14:14:42","335-TRADE CENTER FIRST","15355"
"null","133-هور العنز شرق","608","2024-08-07 14:14:42","133-HOR AL ANZ EAST","21430"
"null","332-جميرا الأولى","551","2024-08-07 14:14:42","332-JUMEIRA FIRST","20715"
"null","356-ام سقيم الأولى","959","2024-08-07 14:14:42","356-UM SUQAIM FIRST","12720"
"null","248-القصيص الصناعية الخامسة","223","2024-08-07 14:14:42","248-AL QUSAIS IND FIFTH","1286"
"null","967-غدير براشي","738","2024-08-07 14:14:42","967-GHADEER BARASHY","33"
"null","591-جبل علي الأولى","20","2024-08-07 14:14:42","591-JABAL ALI FIRST","69115"
"null","847-أم السلي","271","2024-08-07 14:14:42","847-UMM ESELAY","204"
"null","242-القصيص الصناعية الأولى","527","2024-08-07 14:14:42","242-AL QUSAIS IND. FIRST","9511"
"null","611-بو كدرة","695","2024-08-07 14:14:42","611-BU KADRA","112"
"null","711-العوير الأولى","347","2024-08-07 14:14:42","711-AL AWEER ONE","4107"
"null","811-ورسان الثالثة","921","2024-08-07 14:14:42","811-WARSAN THIRD","12638"
"null","356-ام سقيم الأولى","630","2024-08-07 14:14:42","356-UM SUQAIM FIRST","11947"
"null","835-أم المؤمنين","766","2024-08-07 14:14:42","835-UMM AL MOMENEEN","169"
"null","345-برج خليفة","896","2024-08-07 14:14:42","345-BURJ KHALIFA","21862"
"null","613-رأس الخور الصناعية الثانية","481","2024-08-07 14:14:42","613-RAS AL KHOR IND. SECOND","2529"
"null","918-اليفره 3","430","2024-08-07 14:14:42","918-AL YUFRAH 3","4"
"null","264-محيصنة الثانية ","228","2024-08-07 14:14:42","264-MUHAISANAH SECOND ","196316"
"null","425- الورقاء الخامسة ","7","2024-08-07 14:14:42","425-AL WARQAA FIFTH ","60"
"null","645-وادي الصفا 3","329","2024-08-07 14:14:42","645-WADI AL SAFA 3","9764"
"null","303-جزر العالم","978","2024-08-07 14:14:42","303-WORLD ISLANDS","7"
"null","675-الحبيه الثانية","122","2024-08-07 14:14:42","675-AL HEBIAH SECOND","1032"
"null","232-القصيص الأولى","191","2024-08-07 14:14:42","232-AL QUSAIS FIRST","41818"
"null","227-الطوار الثانية","575","2024-08-07 14:14:42","227-AL TWAR SECOND","4909"
"null","228-الطوار الثالثة","576","2024-08-07 14:14:42","228-AL TWAR THIRD","10837"
"null","643-وادي الصفا 2","1035","2024-08-07 14:14:42","643-WADI AL SAFA 2","11010"
"null","961-الصلال","739","2024-08-07 14:14:42","961-AL SELAL","684"
"null","313-الحمرية","500","2024-08-07 14:14:42","313-AL HAMRIYA","37012"
"null","622-ورسان الثانية","324","2024-08-07 14:14:42","622-WARSAN SECOND","1568"
"null","132-الوحيدة","609","2024-08-07 14:14:42","132-AL WAHEDA","21018"
"null","117-المرر","375","2024-08-07 14:14:42","117-AL MURAR","38970"
"null","282-الخوانيج الثانية","162","2024-08-07 14:14:42","282-AL KHAWANEEJ TWO","3865"
"null","234-القصيص الثالثة","580","2024-08-07 14:14:42","234-AL QUSAIS THIRD","7263"
"null","594-ميناء جبل علي","418","2024-08-07 14:14:42","594-MENA JABAL ALI","24487"
"null","112-الرأس","1111","2024-08-07 14:14:42","112-AL RASS","8143"
"null","261-محيصنة الأولى","220","2024-08-07 14:14:42","261-MUHAISANAH FIRST","7375"
"null","319-عود ميثاء","869","2024-08-07 14:14:42","319-OUD METHA","15568"
"null","502-الواجهة البحرية","1073","2024-08-07 14:14:42","502-AL WAJEHAH AL BHARIYAH","4"
"null","611-بو كدرة","1022","2024-08-07 14:14:42","611-BU KADRA","113"
"null","213-ند شما","359","2024-08-07 14:14:42","213-NAD SHAMMA","3124"
"null","513-سيح شعيب 1","465","2024-08-07 14:14:42","513-SAIH SHUAIB 1","15"
"null","917-المرموم","752","2024-08-07 14:14:42","917-AL MARMOOM","141"
"null","323-الجافلية","145","2024-08-07 14:14:42","323-AL JAFLIYA","21957"
"null","423-الورقاء الثالثة","1068","2024-08-07 14:14:42","423-AL WARQAA THIRD","15901"
"null","592-جبل علي الثانية","473","2024-08-07 14:14:42","592-JABAL ALI  SECOND","1573"
"null","731-لهباب الأولى","1058","2024-08-07 14:14:42","731-LEHBAB FIRST","3425"
"null","512-حصيان الثانية","532","2024-08-07 14:14:42","512-HESSYAN SECOND","10398"
"null","532-سيح شعيب 3","18","2024-08-07 14:14:42","532-SAIH SHUAIB 3","11144"
"null","967-غدير براشي","443","2024-08-07 14:14:42","967-GHADEER BARASHY","7"
"null","352-جميرا الثالثة","955","2024-08-07 14:14:42","352-JUMEIRA THIRD","14476"
"null","352-جميرا الثالثة","891","2024-08-07 14:14:42","352-JUMEIRA THIRD","14188"
"null","612-رأس الخور الصناعية الأولى","480","2024-08-07 14:14:42","612-RAS AL KHOR IND. FIRST","2564"
"null","521-مدينة المطار","787","2024-08-07 14:14:42","521-MADINAT AL MATAAR","4150"
"null","215-ام رمول","604","2024-08-07 14:14:42","215-UM RAMOOL","2958"
"null","422-الورقاء الثانية","1067","2024-08-07 14:14:42","422-AL WARQAA  SECOND","11530"
"null","597-مجمع دبي للإستثمار الثاني","419","2024-08-07 14:14:42","597-DUBAI INVESTMENT PARK2","60630"
"null","532-سيح شعيب 3","470","2024-08-07 14:14:42","532-SAIH SHUAIB 3","8200"
"null","262-المزهر الأولى","517","2024-08-07 14:14:42","262-AL MEZHAR FIRST","16968"
"null","358-القوز الثالثة","76","2024-08-07 14:14:42","358-AL GOZE THIRD","40541"
"null","671-البرشاء جنوب الأولى","657","2024-08-07 14:14:42","671-AL BARSHA SOUTH FIRST","14069"
"null","352-جميرا الثالثة","540","2024-08-07 14:14:42","352-JUMEIRA THIRD","13690"
"null","624-ورسان الرابعة","464","2024-08-07 14:14:42","624-WARSAN FOURTH","8763"
"null","233-القصيص الثانية","1002","2024-08-07 14:14:42","233-AL QUSAIS SECOND","13137"
"null","384-الثنيه الثانية (مضمار جبل علي)","649","2024-08-07 14:14:42","384-AL THANYAH SECOND (JEBEL ALI HORSE RACING)","115"
"null","599-جبل علي الصناعية الأولى","696","2024-08-07 14:14:42","599-JABAL ALI INDUSTRIAL FIRST","198228"
"null","813-الرويه الثانية","280","2024-08-07 14:14:42","813-AL ROWAIYAH SECOND","25"
"null","925-اليلايس 5","1107","2024-08-07 14:14:42","925-AL YALAYIS 5","85"
"null","598-مجمع دبي للإستثمارالاول","697","2024-08-07 14:14:42","598-DUBAI INVESTMENT PARK1","63094"
"null","113-الضغاية","1112","2024-08-07 14:14:42","113-AL DHAGAYA","16873"
"null","987-الليان 1","733","2024-08-07 14:14:42","987-AL LAYAN 1","0"
"null","322-الحضيبة","146","2024-08-07 14:14:42","322-AL HUDAIBA","13034"
"null","826-الحميرا","276","2024-08-07 14:14:42","826-LE HEMAIRA","53"
"null","913-أم نهد الثالثة","756","2024-08-07 14:14:42","913-UMM NAHAD THIRD","3623"
"null","847-أم السلي","763","2024-08-07 14:14:42","847-UMM ESELAY","216"
"null","284-الطي","506","2024-08-07 14:14:42","284-AL TTAY","810"
"null","891-حتا","422","2024-08-07 14:14:42","891-HATTA","14045"
"null","373-البرشاء الأولى","643","2024-08-07 14:14:42","373-AL BARSHAA FIRST","40202"
"null","251-مردف","222","2024-08-07 14:14:42","251-MURDAF","60288"
"null","911-أم نهد الأولى","758","2024-08-07 14:14:42","911-UMM NAHAD FIRST","8"
"null","919-اليفره 4","431","2024-08-07 14:14:42","919-AL YUFRAH 4","3"
"null","931-الليسيلي","573","2024-08-07 14:14:42","931-AL LESAILY","2906"
"null","978-سيح شعيله","41","2024-08-07 14:14:42","978-SAIH SHUAALAH","3"
"null","215-ام رمول","848","2024-08-07 14:14:42","215-UM RAMOOL","3069"
"null","114-البطين","50","2024-08-07 14:14:42","114-AL BUTEEN","2766"
"null","591-جبل علي الأولى","415","2024-08-07 14:14:42","591-JABAL ALI FIRST","75287"
"null","724-نخلي","133","2024-08-07 14:14:42","724-ENKHALI","26"
"null","314-ام هرير الأولى","862","2024-08-07 14:14:42","314-UM HURAIR FIRST","6482"
"null","912-أم نهد الثانية","1095","2024-08-07 14:14:42","912-UMM NAHAD SECOND","2"
"null","675-الحبيه الثانية","711","2024-08-07 14:14:42","675-AL HEBIAH SECOND","1781"
"null","122-البراحة","881","2024-08-07 14:14:42","122-AL BARAHA","25839"
"null","128-الخبيصي","1126","2024-08-07 14:14:42","128-AL KHBEESI","2042"
"null","332-جميرا الأولى","379","2024-08-07 14:14:42","332-JUMEIRA FIRST","20356"
"null","847-أم السلي","1089","2024-08-07 14:14:42","847-UMM ESELAY","218"
"null","252-مشرف","829","2024-08-07 14:14:42","252-MUSHRAIF","70"
"null","614-رأس الخور الصناعية الثالثة","1025","2024-08-07 14:14:42","614-RAS AL KHOR IND. THIRD","22442"
"null","271-وادي العمردي","984","2024-08-07 14:14:42","271-WADI ALAMRADI","3645"
"null","924-اليلايس 4","1106","2024-08-07 14:14:42","924-AL YALAYIS 4","8"
"null","263-المزهر الثانية","229","2024-08-07 14:14:42","263-AL MEZHAR SECOND","11317"
"null","681-البرشاء جنوب الرابعة","341","2024-08-07 14:14:42","681-AL BARSHA SOUTH FOURTH","25974"
"null","665-وادي الصفا 7 ","656","2024-08-07 14:14:42","665-WADI AL SAFA 7","8613"
"null","215-ام رمول","357","2024-08-07 14:14:42","215-UM RAMOOL","2935"
"null","674-الحبيه الأولى","710","2024-08-07 14:14:42","674-AL HEBIAH FIRST","11155"
"null","416-ند الحمر","1065","2024-08-07 14:14:42","416-NAD AL HAMAR","18520"
"null","373-البرشاء الأولى","913","2024-08-07 14:14:42","373-AL BARSHAA FIRST","42332"
"null","127-هورالعنز","366","2024-08-07 14:14:42","127-HOR AL ANZ","83187"
"null","262-المزهر الأولى","827","2024-08-07 14:14:42","262-AL MEZHAR FIRST","17498"
"null","861-يراح","31","2024-08-07 14:14:42","861-YARAAH","94"
"null","724-نخلي","672","2024-08-07 14:14:42","724-ENKHALI","2"
"null","347-المركاض","892","2024-08-07 14:14:42","347-AL MERKADH","1817"
"null","951-سيح السلم","944","2024-08-07 14:14:42","951-SAIH AL SALAM","616"
"null","812-الرويه الأولى","728","2024-08-07 14:14:42","812-AL ROWAIYAH FIRST","3263"
"null","284-الطي","160","2024-08-07 14:14:42","284-AL TTAY","805"
"null","363-المنارة","927","2024-08-07 14:14:42","363-AL MANARA","8923"
"null","675-الحبيه الثانية","1045","2024-08-07 14:14:42","675-AL HEBIAH SECOND","1798"
"null","333-البدع","550","2024-08-07 14:14:42","333-AL BADA","57487"
"null","325-زعبيل الأولى","963","2024-08-07 14:14:42","325-ZAABEEL FIRST","3519"
"null","421-الورقاء الأولى","1066","2024-08-07 14:14:42","421-AL WARQAA FIRST","26803"
"null","372-الصفوح الأولى","816","2024-08-07 14:14:42","372-AL SAFOUH FIRST","4686"
"null","262-المزهر الأولى","1015","2024-08-07 14:14:42","262-AL MEZHAR FIRST","17898"
"null","945-الفقع","34","2024-08-07 14:14:42","945-AL FAGAA","395"
"null","916-اليفره 2","581","2024-08-07 14:14:42","916-AL YUFRAH 2","858"
"null","392-مرسى دبي (الميناء السياحي) ","57","2024-08-07 14:14:42","392-MARSA DUBAI (AL MINA AL SEYAHI) ","55052"
"null","956-الحثمة","740","2024-08-07 14:14:42","956-AL HATHMAH","37"
"null","311-الشندغة","297","2024-08-07 14:14:42","311-AL SHANDAGA","2"
"null","333-البدع","140","2024-08-07 14:14:42","333-AL BADA","54338"
"null","334-السطوة","946","2024-08-07 14:14:42","334-AL SATWA","40958"
"null","355-القوز الثانية","261","2024-08-07 14:14:42","355-AL GOZE SECOND","5240"
"null","342-جميرا الثانية","950","2024-08-07 14:14:42","342-JUMEIRA SECOND","10876"
"null","382-الصفوح الثانية","61","2024-08-07 14:14:42","382-AL SOFOUH SECOND","5592"
"null","512-حصيان الثانية","1075","2024-08-07 14:14:42","512-HESSYAN SECOND","10418"
"null","381-نخلة جميرا ","646","2024-08-07 14:14:42","381-NAKHLAT JUMEIRA ","24741"
"null","677-الحبيه السادسة","124","2024-08-07 14:14:42","677-AL HEBIAH SIXTH","1759"
"null","221-مطار دبي الدولي","602","2024-08-07 14:14:42","221-DUBAI  AIRPORT","22"
"null","246-القصيص الصناعية الثالثة","833","2024-08-07 14:14:42","246-AL QUSAIS IND. THIRD","2802"
"null","891-حتا","587","2024-08-07 14:14:42","891-HATTA","14400"
"null","362-ام سقيم الثانية","74","2024-08-07 14:14:42","362-UM SUQAIM SECOND","11456"
"null","111-الكورنيش","530","2024-08-07 14:14:42","111-AL CORNICHE","1961"
"null","923-اليلايس 3","1105","2024-08-07 14:14:42","923-AL YALAYIS 3","4"
"null","425- الورقاء الخامسة ","537","2024-08-07 14:14:42","425-AL WARQAA FIFTH ","0"
"null","263-المزهر الثانية","516","2024-08-07 14:14:42","263-AL MEZHAR SECOND","11600"
"null","358-القوز الثالثة","632","2024-08-07 14:14:42","358-AL GOZE THIRD","40556"
"null","646-وادي الصفا 4","114","2024-08-07 14:14:42","646-WADI AL SAFA 4","2"
"null","375-البرشاء الثالثة","64","2024-08-07 14:14:42","375-AL BARSHAA THIRD","13990"
"null","268-عود المطينة الثالثة","985","2024-08-07 14:14:42","268-OUD AL MUTEEN THIRD ","7222"
"null","845-المها","592","2024-08-07 14:14:42","845-AL MAHA","195"
"null","951-سيح السلم","440","2024-08-07 14:14:42","951-SAIH AL SALAM","607"
"null","226-الطوار الأولى","997","2024-08-07 14:14:42","226-AL TWAR FIRST","12403"
"null","664-وادي الصفا 6 (المرابع العربية)","1039","2024-08-07 14:14:42","664-WADI AL SAFA 6 (ARABIAN RANCHES)","19268"
"null","337-زعبيل الثانية","352","2024-08-07 14:14:42","337-ZAABEEL SECOND","8102"
"null","267-محصينة الخامسة ","822","2024-08-07 14:14:42","267-MUHAISANAH FIFTH","2"
"null","245-محيصنة الرابعة","834","2024-08-07 14:14:42","245-MUHAISANAH FOURTH","35861"
"null","686-معيصم الثانية","719","2024-08-07 14:14:42","686-MEAISEM SECOND","13"
"null","123-المطينة","171","2024-08-07 14:14:42","123-AL MUTEENA","43473"
"null","261-محيصنة الأولى","231","2024-08-07 14:14:42","261-MUHAISANAH FIRST","8091"
"null","118-نايف","621","2024-08-07 14:14:42","118-NAIF","50438"
"null","671-البرشاء جنوب الأولى","1041","2024-08-07 14:14:42","671-AL BARSHA SOUTH FIRST","14761"
"null","594-ميناء جبل علي","1018","2024-08-07 14:14:42","594-MENA JABAL ALI","9527"
"null","424- الورقاء الرابعة ","538","2024-08-07 14:14:42","424-AL WARQAA FOURTH ","13881"
"null","244-محيصنة الثالثة","238","2024-08-07 14:14:42","244-MUHAISANAH THIRD","6493"
"null","119-الرقة","785","2024-08-07 14:14:42","119-AL REGA","11097"
"null","598-مجمع دبي للإستثمارالاول","1020","2024-08-07 14:14:42","598-DUBAI INVESTMENT PARK1","63591"
"null","248-القصيص الصناعية الخامسة","521","2024-08-07 14:14:42","248-AL QUSAIS IND FIFTH","2034"
"null","366-ام سقيم الثالثة","70","2024-08-07 14:14:42","366-UM SUQAIM THIRD","7021"
"null","226-الطوار الأولى","601","2024-08-07 14:14:42","226-AL TWAR FIRST","11687"
"null","231-النهدة الأولى","245","2024-08-07 14:14:42","231-AL NAHDA FIRST","31449"
"null","967-غدير براشي","937","2024-08-07 14:14:42","967-GHADEER BARASHY","29"
"null","302-شاطئ جميرا","505","2024-08-07 14:14:42","302-JUMEIRA BAY","39"
"null","265-عود المطينة الأولى","824","2024-08-07 14:14:42","265-OUD AL MUTEEN FIRST","15514"
"null","313-الحمرية","154","2024-08-07 14:14:42","313-AL HAMRIYA","33421"
"null","216-الراشدية","185","2024-08-07 14:14:42","216-AL RASHIDIYA","34594"
"null","597-مجمع دبي للإستثمار الثاني","476","2024-08-07 14:14:42","597-DUBAI INVESTMENT PARK2","54474"
"null","346-الخليج التجاري","542","2024-08-07 14:14:42","346-AL KALIJ AL TEJARI","21497"
"null","284-الطي","854","2024-08-07 14:14:42","284-AL TTAY","10659"
"null","626-ند حصة","326","2024-08-07 14:14:42","626-NADD HESSA","38494"
"null","422-الورقاء الثانية","4","2024-08-07 14:14:42","422-AL WARQAA  SECOND","10237"
"null","648-وادي الصفا 5","1038","2024-08-07 14:14:42","648-WADI AL SAFA 5","20704"
"null","841-مرغم","1087","2024-08-07 14:14:42","841-MARGHAM","1230"
"null","316-الرفاعة","497","2024-08-07 14:14:42","316-AL RAFFA","47652"
"null","241-النهدة الثانية","241","2024-08-07 14:14:42","241-AL NAHDA SECOND","61936"
"null","857-مرقب","30","2024-08-07 14:14:42","857-MARGAB","570"
"null","324-الكفاف","554","2024-08-07 14:14:42","324-AL KIFAF","2"
"null","665-وادي الصفا 7 ","117","2024-08-07 14:14:42","665-WADI AL SAFA 7","7740"
"null","597-مجمع دبي للإستثمار الثاني","1019","2024-08-07 14:14:42","597-DUBAI INVESTMENT PARK2","80537"
"null","727-الوحوش","723","2024-08-07 14:14:42","727-AL WOHOOSH","48"
"null","911-أم نهد الأولى","586","2024-08-07 14:14:42","911-UMM NAHAD FIRST","8"
"null","125-رقة البطين","368","2024-08-07 14:14:42","125-REGA AL BUTEEN","7120"
"null","112-الرأس","394","2024-08-07 14:14:42","112-AL RASS","7460"
"null","246-القصيص الصناعية الثالثة","225","2024-08-07 14:14:42","246-AL QUSAIS IND. THIRD","2559"
"null","683-الحبيه الخامسة","343","2024-08-07 14:14:42","683-AL HEBIAH FIFTH","9748"
"null","303-جزر العالم","504","2024-08-07 14:14:42","303-WORLD ISLANDS","7"
"null","811-ورسان الثالثة","727","2024-08-07 14:14:42","811-WARSAN THIRD","12613"
"null","988-الليان 2","44","2024-08-07 14:14:42","988-AL LAYAN 2","0"
"null","319-عود ميثاء","968","2024-08-07 14:14:42","319-OUD METHA","15874"
"null","981-مقطره","734","2024-08-07 14:14:42","981-MUGATRAH","347"
"null","431-وادي الشبك ","536","2024-08-07 14:14:42","431-WADI ALSHABAK ","3"
"null","243-القصيص الصناعية الثانية","836","2024-08-07 14:14:42","243-AL QUSAIS IND. SECOND","9410"
"null","615-ند الشبا الثانية","208","2024-08-07 14:14:42","615-NAD AL SHIBBA SECOND","2258"
"null","835-أم المؤمنين","594","2024-08-07 14:14:42","835-UMM AL MOMENEEN","310"
"null","918-اليفره 3","490","2024-08-07 14:14:42","918-AL YUFRAH 3","711"
"null","921-اليلايس 1","102","2024-08-07 14:14:42","921-AL YALAYIS 1","0"
"null","126-ابو هيل","367","2024-08-07 14:14:42","126-ABU HAIL","17240"
"null","824-أم الدمن","22","2024-08-07 14:14:42","824-UMM AL DAMAN","258"
"null","624-ورسان الرابعة","685","2024-08-07 14:14:42","624-WARSAN FOURTH","10104"
"null","231-النهدة الأولى","190","2024-08-07 14:14:42","231-AL NAHDA FIRST","29011"
"null","593-جبل علي الثالثة","474","2024-08-07 14:14:42","593-JABAL ALI THIRD","1513"
"null","978-سيح شعيله","931","2024-08-07 14:14:42","978-SAIH SHUAALAH","0"
"null","233-القصيص الثانية","579","2024-08-07 14:14:42","233-AL QUSAIS SECOND","12654"
"null","413-رأس الخور","803","2024-08-07 14:14:42","413-RAS AL KHOR","2"
"null","345-برج خليفة","952","2024-08-07 14:14:42","345-BURJ KHALIFA","22291"
"null","914-أم نهد الرابعة","583","2024-08-07 14:14:42","914-UMM NAHAD FOURTH","4"
"null","599-جبل علي الصناعية الأولى","421","2024-08-07 14:14:42","599-JABAL ALI INDUSTRIAL FIRST","128975"
"null","626-ند حصة","684","2024-08-07 14:14:42","626-NADD HESSA","40819"
"null","731-لهباب الأولى","724","2024-08-07 14:14:42","731-LEHBAB FIRST","3389"
"null","384-الثنيه الثانية (مضمار جبل علي)","389","2024-08-07 14:14:42","384-AL THANYAH SECOND (JEBEL ALI HORSE RACING)","115"
"null","281-الخوانيج الأولى","851","2024-08-07 14:14:42","281-AL KHAWANEEJ ONE","13634"
"null","923-اليلايس 3","494","2024-08-07 14:14:42","923-AL YALAYIS 3","4"
"null","325-زعبيل الأولى","381","2024-08-07 14:14:42","325-ZAABEEL FIRST","3260"
"null","383-الثنيه الأولى (قرية ربيع الصحراء)","60","2024-08-07 14:14:42","383-AL THANYAH FIRST (V. RABIE SAHRAA)","22638"
"null","613-رأس الخور الصناعية الثانية","317","2024-08-07 14:14:42","613-RAS AL KHOR IND. SECOND","2514"
"null","502-الواجهة البحرية","10","2024-08-07 14:14:42","502-AL WAJEHAH AL BHARIYAH","4"
"null","502-الواجهة البحرية","534","2024-08-07 14:14:42","502-AL WAJEHAH AL BHARIYAH","4"
"null","318-الكرامة","969","2024-08-07 14:14:42","318-AL KARAMA","77139"
"null","911-أم نهد الأولى","93","2024-08-07 14:14:42","911-UMM NAHAD FIRST","8"
"null","265-عود المطينة الأولى","514","2024-08-07 14:14:42","265-OUD AL MUTEEN FIRST","15052"
"null","814-الرويه الثالثة","279","2024-08-07 14:14:42","814-AL ROWAIYAH THIRD","4429"
"null","124-المرقبات","884","2024-08-07 14:14:42","124-AL MURQABAT","73087"
"null","282-الخوانيج الثانية","508","2024-08-07 14:14:42","282-AL KHAWANEEJ TWO","5322"
"null","384-الثنيه الثانية (مضمار جبل علي)","809","2024-08-07 14:14:42","384-AL THANYAH SECOND (JEBEL ALI HORSE RACING)","0"
"null","116-عيال ناصر","623","2024-08-07 14:14:42","116-AYAL NASIR","19414"
"null","127-هورالعنز","175","2024-08-07 14:14:42","127-HOR AL ANZ","81741"
"null","126-ابو هيل","887","2024-08-07 14:14:42","126-ABU HAIL","18043"
"null","124-المرقبات","616","2024-08-07 14:14:42","124-AL MURQABAT","70112"
"null","672-البرشاء جنوب الثانية","658","2024-08-07 14:14:42","672-AL BARSHA SOUTH SECOND","7661"
"null","521-مدينة المطار","1079","2024-08-07 14:14:42","521-MADINAT AL MATAAR","5885"
"null","262-المزهر الأولى","219","2024-08-07 14:14:42","262-AL MEZHAR FIRST","15806"
"null","412-الخيران","940","2024-08-07 14:14:42","412-AL KHEERAN","5333"
"null","421-الورقاء الأولى","800","2024-08-07 14:14:42","421-AL WARQAA FIRST","26405"
"null","326-الجداف","552","2024-08-07 14:14:42","326-AL JADAF","5873"
"null","616-ند الشبا الثالثة","207","2024-08-07 14:14:42","616-NAD AL SHIBBA THIRD","137"
"null","919-اليفره 4","1102","2024-08-07 14:14:42","919-AL YUFRAH 4","3"
"null","362-ام سقيم الثانية","928","2024-08-07 14:14:42","362-UM SUQAIM SECOND","13502"
"null","372-الصفوح الأولى","66","2024-08-07 14:14:42","372-AL SAFOUH FIRST","4112"
"null","342-جميرا الثانية","545","2024-08-07 14:14:42","342-JUMEIRA SECOND","10284"
"null","665-وادي الصفا 7 ","333","2024-08-07 14:14:42","665-WADI AL SAFA 7","8473"
"null","244-محيصنة الثالثة","1007","2024-08-07 14:14:42","244-MUHAISANAH THIRD","7024"
"null","991-حفير","45","2024-08-07 14:14:42","991-HEFAIR","0"
"null","357-الصفا الثانية","259","2024-08-07 14:14:42","357-AL SAFFA SECOND","6679"
"null","268-عود المطينة الثالثة","849","2024-08-07 14:14:42","268-OUD AL MUTEEN THIRD ","7061"
"null","598-مجمع دبي للإستثمارالاول","420","2024-08-07 14:14:42","598-DUBAI INVESTMENT PARK1","69956"
"null","231-النهدة الأولى","846","2024-08-07 14:14:42","231-AL NAHDA FIRST","32757"
"null","321-مدينه دبي الملاحيه (الميناء)","557","2024-08-07 14:14:42","321-MADINAT DUBAI AL MELAHEYAH (AL MINA)","14753"
"null","326-الجداف","962","2024-08-07 14:14:42","326-AL JADAF","7477"
"null","129-بور سعيد","1127","2024-08-07 14:14:42","129-PORT SAEED","14425"
"null","121-كورنيش ديرة","56","2024-08-07 14:14:42","121-CORNICHE DEIRA","14"
"null","592-جبل علي الثانية","416","2024-08-07 14:14:42","592-JABAL ALI  SECOND","1570"
"null","945-الفقع","942","2024-08-07 14:14:42","945-AL FAGAA","447"
"null","671-البرشاء جنوب الأولى","707","2024-08-07 14:14:42","671-AL BARSHA SOUTH FIRST","14500"
"null","113-الضغاية","316","2024-08-07 14:14:42","113-AL DHAGAYA","15899"
"null","323-الجافلية","383","2024-08-07 14:14:42","323-AL JAFLIYA","23963"
"null","511-حصيان الاولى","792","2024-08-07 14:14:42","511-HESSYAN FIRST","3341"
"null","624-ورسان الرابعة","202","2024-08-07 14:14:42","624-WARSAN FOURTH","8359"
"null","421-الورقاء الأولى","454","2024-08-07 14:14:42","421-AL WARQAA FIRST","24865"
"null","248-القصيص الصناعية الخامسة","831","2024-08-07 14:14:42","248-AL QUSAIS IND FIFTH","2722"
"null","516-جبل علي الصناعية الثالثة ","14","2024-08-07 14:14:42","516-JABAL ALI INDUSTRIAL THIRD","2462"
"null","247-القصيص الصناعية الرابعة","522","2024-08-07 14:14:42","247-AL QUSAIS IND. FOURTH","2751"
"null","618-ند الشبا الأولى","205","2024-08-07 14:14:42","618-NAD AL SHIBBA FIRST","5485"
"null","266-عود المطينة الثانية ","823","2024-08-07 14:14:42","266-OUD AL MUTEEN SECOND ","5820"
"null","724-نخلي","349","2024-08-07 14:14:42","724-ENKHALI","26"
"null","531-سيح شعيب 2","469","2024-08-07 14:14:42","531-SAIH SHUAIB 2","14511"
"null","382-الصفوح الثانية","391","2024-08-07 14:14:42","382-AL SOFOUH SECOND","6126"
"null","631-حدائق الشيخ محمد بن راشد","200","2024-08-07 14:14:42","631-HADAEQ SHEIKH MOHAMMED BIN RASHID","68"
"null","242-القصيص الصناعية الأولى","1005","2024-08-07 14:14:42","242-AL QUSAIS IND. FIRST","11068"
"null","673-البرشاء جنوب الثالثة","1043","2024-08-07 14:14:42","673-AL BARSHA SOUTH THIRD","8660"
"null","363-المنارة","73","2024-08-07 14:14:42","363-AL MANARA","7709"
"null","415-الخيران الأولى","1","2024-08-07 14:14:42","415-AL KHAIRAN FIRST","2"
"null","369-القوز الصناعية الرابعة ","249","2024-08-07 14:14:42","369-AL GOZE IND. FOURTH ","38079"
"null","931-الليسيلي","437","2024-08-07 14:14:42","931-AL LESAILY","2856"
"null","847-أم السلي","591","2024-08-07 14:14:42","847-UMM ESELAY","206"
"null","282-الخوانيج الثانية","982","2024-08-07 14:14:42","282-AL KHAWANEEJ TWO","6031"
"null","665-وادي الصفا 7 ","1040","2024-08-07 14:14:42","665-WADI AL SAFA 7","9358"
"null","835-أم المؤمنين","25","2024-08-07 14:14:42","835-UMM AL MOMENEEN","309"
"null","347-المركاض","265","2024-08-07 14:14:42","347-AL MERKADH","1317"
"null","216-الراشدية","841","2024-08-07 14:14:42","216-AL RASHIDIYA","38425"
"null","841-مرغم","765","2024-08-07 14:14:42","841-MARGHAM","1217"
"null","323-الجافلية","965","2024-08-07 14:14:42","323-AL JAFLIYA","25365"
"null","675-الحبيه الثانية","338","2024-08-07 14:14:42","675-AL HEBIAH SECOND","1523"
"null","731-لهباب الأولى","285","2024-08-07 14:14:42","731-LEHBAB FIRST","3197"
"null","111-الكورنيش","1110","2024-08-07 14:14:42","111-AL CORNICHE","2670"
"null","648-وادي الصفا 5","458","2024-08-07 14:14:42","648-WADI AL SAFA 5","21536"
"null","122-البراحة","618","2024-08-07 14:14:42","122-AL BARAHA","24961"
"null","617-ند الشبا الرابعة","321","2024-08-07 14:14:42","617-NAD AL SHIBBA FOURTH","3685"
"null","372-الصفوح الأولى","642","2024-08-07 14:14:42","372-AL SAFOUH FIRST","4516"
"null","303-جزر العالم","299","2024-08-07 14:14:42","303-WORLD ISLANDS","7"
"null","599-جبل علي الصناعية الأولى","213","2024-08-07 14:14:42","599-JABAL ALI INDUSTRIAL FIRST","129024"
"null","736-نزوه","1060","2024-08-07 14:14:42","736-NAZWAH","595"
"null","281-الخوانيج الأولى","163","2024-08-07 14:14:42","281-AL KHAWANEEJ ONE","12241"
"null","621-ورسان الأولى","687","2024-08-07 14:14:42","621-WARSAN FIRST","108176"
"null","857-مرقب","761","2024-08-07 14:14:42","857-MARGAB","666"
"null","125-رقة البطين","173","2024-08-07 14:14:42","125-REGA AL BUTEEN","6984"
"null","416-ند الحمر","2","2024-08-07 14:14:42","416-NAD AL HAMAR","13589"
"null","711-العوير الأولى","670","2024-08-07 14:14:42","711-AL AWEER ONE","4312"
"null","118-نايف","374","2024-08-07 14:14:42","118-NAIF","50090"
"null","334-السطوة","139","2024-08-07 14:14:42","334-AL SATWA","41048"
"null","917-المرموم","489","2024-08-07 14:14:42","917-AL MARMOOM","96"
"null","967-غدير براشي","38","2024-08-07 14:14:42","967-GHADEER BARASHY","7"
"null","353-الصفا الأولى","890","2024-08-07 14:14:42","353-AL SAFFA FIRST","9043"
"null","241-النهدة الثانية","1004","2024-08-07 14:14:42","241-AL NAHDA SECOND","65947"
"null","364-القوز الصناعية الأولى ","72","2024-08-07 14:14:42","364-AL GOZE IND. FIRST ","26569"
"null","373-البرشاء الأولى","312","2024-08-07 14:14:42","373-AL BARSHAA FIRST","39451"
"null","621-ورسان الأولى","487","2024-08-07 14:14:42","621-WARSAN FIRST","106601"
"null","731-لهباب الأولى","674","2024-08-07 14:14:42","731-LEHBAB FIRST","3243"
"null","113-الضغاية","626","2024-08-07 14:14:42","113-AL DHAGAYA","15985"
"null","711-العوير الأولى","1054","2024-08-07 14:14:42","711-AL AWEER ONE","4997"
"null","382-الصفوح الثانية","909","2024-08-07 14:14:42","382-AL SOFOUH SECOND","6609"
"null","121-كورنيش ديرة","880","2024-08-07 14:14:42","121-CORNICHE DEIRA","15"
"null","388-الثنيه الثالثة (تلال الامارات الثانية)","808","2024-08-07 14:14:42","388-AL THANYAH THIRD (EMIRATE HILLS SECOND)","22394"
"null","518-جبل علي الصناعية الثانية","788","2024-08-07 14:14:42","518-JABAL ALI INDUSTRIAL SECOND","28000"
"null","512-حصيان الثانية","12","2024-08-07 14:14:42","512-HESSYAN SECOND","45"
"null","851-رماح","1090","2024-08-07 14:14:42","851-REMAH","195"
"null","245-محيصنة الرابعة","1008","2024-08-07 14:14:42","245-MUHAISANAH FOURTH","36338"
"null","611-بو كدرة","212","2024-08-07 14:14:42","611-BU KADRA","15"
"null","393-الثنيه الخامسة (تلال الامارات الاولى)","936","2024-08-07 14:14:42","393-AL THANYAH FIFTH (EMIRATE HILLS FIRST) ","41745"
"null","376-البرشاء الثانية","310","2024-08-07 14:14:42","376-AL BAESHAA SECOND","15523"
"null","263-المزهر الثانية","826","2024-08-07 14:14:42","263-AL MEZHAR SECOND","11967"
"null","215-ام رمول","184","2024-08-07 14:14:42","215-UM RAMOOL","3545"
"null","812-الرويه الأولى","281","2024-08-07 14:14:42","812-AL ROWAIYAH FIRST","3127"
"null","381-نخلة جميرا ","812","2024-08-07 14:14:42","381-NAKHLAT JUMEIRA ","25050"
"null","123-المطينة","370","2024-08-07 14:14:42","123-AL MUTEENA","46185"
"null","284-الطي","980","2024-08-07 14:14:42","284-AL TTAY","10660"
"null","115-السبخة","781","2024-08-07 14:14:42","115-AL SABKHA","4205"
"null","501-نخلة جبل علي","794","2024-08-07 14:14:42","501-NAKHLAT JABAL ALI","5"
"null","811-ورسان الثالثة","677","2024-08-07 14:14:42","811-WARSAN THIRD","14943"
"null","682-الحبيه الرابعة","665","2024-08-07 14:14:42","682-AL HEBIAH FOURTH","20916"
"null","711-العوير الأولى","720","2024-08-07 14:14:42","711-AL AWEER ONE","4488"
"null","721-العوير الثانية","348","2024-08-07 14:14:42","721-AL AWEER TWO","5236"
"null","343-الوصل","951","2024-08-07 14:14:42","343-AL WASL","12227"
"null","312-السوق الكبير","501","2024-08-07 14:14:42","312-AL SUQ AL KABEER","51293"
"null","317-المنخول","150","2024-08-07 14:14:42","317-AL MANKHOOL","37400"
"null","126-ابو هيل","1124","2024-08-07 14:14:42","126-ABU HAIL","18116"
"null","613-رأس الخور الصناعية الثانية","1024","2024-08-07 14:14:42","613-RAS AL KHOR IND. SECOND","1851"
"null","814-الرويه الثالثة","109","2024-08-07 14:14:42","814-AL ROWAIYAH THIRD","4036"
"null","114-البطين","315","2024-08-07 14:14:42","114-AL BUTEEN","2841"
"null","597-مجمع دبي للإستثمار الثاني","215","2024-08-07 14:14:42","597-DUBAI INVESTMENT PARK2","59763"
"null","127-هورالعنز","1125","2024-08-07 14:14:42","127-HOR AL ANZ","85080"
"null","645-وادي الصفا 3","460","2024-08-07 14:14:42","645-WADI AL SAFA 3","9906"
"null","266-عود المطينة الثانية ","513","2024-08-07 14:14:42","266-OUD AL MUTEEN SECOND ","5647"
"null","355-القوز الثانية","629","2024-08-07 14:14:42","355-AL GOZE SECOND","5354"
"null","857-مرقب","269","2024-08-07 14:14:42","857-MARGAB","628"
"null","513-سيح شعيب 1","13","2024-08-07 14:14:42","513-SAIH SHUAIB 1","9"
"null","622-ورسان الثانية","1031","2024-08-07 14:14:42","622-WARSAN SECOND","1415"
"null","919-اليفره 4","491","2024-08-07 14:14:42","919-AL YUFRAH 4","3"
"null","233-القصيص الثانية","243","2024-08-07 14:14:42","233-AL QUSAIS SECOND","12473"
"null","677-الحبيه السادسة","713","2024-08-07 14:14:42","677-AL HEBIAH SIXTH","2455"
"null","321-مدينه دبي الملاحيه (الميناء)","147","2024-08-07 14:14:42","321-MADINAT DUBAI AL MELAHEYAH (AL MINA)","14129"
"null","988-الليان 2","732","2024-08-07 14:14:42","988-AL LAYAN 2","0"
"null","362-ام سقيم الثانية","634","2024-08-07 14:14:42","362-UM SUQAIM SECOND","12572"
"null","686-معيصم الثانية","346","2024-08-07 14:14:42","686-MEAISEM SECOND","12"
"null","347-المركاض","541","2024-08-07 14:14:42","347-AL MERKADH","1457"
"null","115-السبخة","1114","2024-08-07 14:14:42","115-AL SABKHA","4291"
"null","841-مرغم","26","2024-08-07 14:14:42","841-MARGHAM","930"
"null","611-بو كدرة","479","2024-08-07 14:14:42","611-BU KADRA","2"
"null","735-المريال","725","2024-08-07 14:14:42","735-AL MERYAL","769"
"null","347-المركاض","83","2024-08-07 14:14:42","347-AL MERKADH","819"
"null","112-الرأس","529","2024-08-07 14:14:42","112-AL RASS","7537"
"null","367-ام الشيف","819","2024-08-07 14:14:42","367-UM AL SHEIF","4618"
"null","845-المها","764","2024-08-07 14:14:42","845-AL MAHA","205"
"null","337-زعبيل الثانية","949","2024-08-07 14:14:42","337-ZAABEEL SECOND","8842"
"null","244-محيصنة الثالثة","197","2024-08-07 14:14:42","244-MUHAISANAH THIRD","6129"
"null","613-رأس الخور الصناعية الثانية","210","2024-08-07 14:14:42","613-RAS AL KHOR IND. SECOND","2352"
"null","681-البرشاء جنوب الرابعة","714","2024-08-07 14:14:42","681-AL BARSHA SOUTH FOURTH","29087"
"null","134-الممزر","607","2024-08-07 14:14:42","134-AL MAMZER","15286"
"null","615-ند الشبا الثانية","691","2024-08-07 14:14:42","615-NAD AL SHIBBA SECOND","2569"
"null","304-جزيرة جميرا 2","157","2024-08-07 14:14:42","304-JUMEIRA ISLAND 2","3"
"null","367-ام الشيف","919","2024-08-07 14:14:42","367-UM AL SHEIF","4715"
"null","268-عود المطينة الثالثة","306","2024-08-07 14:14:42","268-OUD AL MUTEEN THIRD ","6679"
"null","674-الحبيه الأولى","660","2024-08-07 14:14:42","674-AL HEBIAH FIRST","10767"
"null","284-الطي","301","2024-08-07 14:14:42","284-AL TTAY","810"
"null","119-الرقة","373","2024-08-07 14:14:42","119-AL REGA","10480"
"null","592-جبل علي الثانية","701","2024-08-07 14:14:42","592-JABAL ALI  SECOND","1008"
"null","263-المزهر الثانية","990","2024-08-07 14:14:42","263-AL MEZHAR SECOND","12239"
"null","133-هور العنز شرق","872","2024-08-07 14:14:42","133-HOR AL ANZ EAST","22026"
"null","735-المريال","284","2024-08-07 14:14:42","735-AL MERYAL","754"
"null","314-ام هرير الأولى","499","2024-08-07 14:14:42","314-UM HURAIR FIRST","5950"
"null","665-وادي الصفا 7 ","706","2024-08-07 14:14:42","665-WADI AL SAFA 7","8957"
"null","123-المطينة","617","2024-08-07 14:14:42","123-AL MUTEENA","46510"
"null","213-ند شما","182","2024-08-07 14:14:42","213-NAD SHAMMA","2964"
"null","335-المركز التجاري الأولى","947","2024-08-07 14:14:42","335-TRADE CENTER FIRST","18014"
"null","918-اليفره 3","751","2024-08-07 14:14:42","918-AL YUFRAH 3","1539"
"null","342-جميرا الثانية","900","2024-08-07 14:14:42","342-JUMEIRA SECOND","10660"
"null","266-عود المطينة الثانية ","167","2024-08-07 14:14:42","266-OUD AL MUTEEN SECOND ","5047"
"null","261-محيصنة الأولى","1014","2024-08-07 14:14:42","261-MUHAISANAH FIRST","8809"
"null","721-العوير الثانية","1055","2024-08-07 14:14:42","721-AL AWEER TWO","6060"
"null","891-حتا","759","2024-08-07 14:14:42","891-HATTA","14985"
"null","533-سيح شعيب 4","1082","2024-08-07 14:14:42","533-SAIH SHUAIB 4","10806"
"null","228-الطوار الثالثة","845","2024-08-07 14:14:42","228-AL TWAR THIRD","11185"
"null","271-وادي العمردي","850","2024-08-07 14:14:42","271-WADI ALAMRADI","3565"
"null","354-القوز الأولى","628","2024-08-07 14:14:42","354-AL GOZE FIRST","20573"
"null","914-أم نهد الرابعة","96","2024-08-07 14:14:42","914-UMM NAHAD FOURTH","4"
"null","261-محيصنة الأولى","518","2024-08-07 14:14:42","261-MUHAISANAH FIRST","8283"
"null","501-نخلة جبل علي","1072","2024-08-07 14:14:42","501-NAKHLAT JABAL ALI","5"
"null","356-ام سقيم الأولى","78","2024-08-07 14:14:42","356-UM SUQAIM FIRST","10867"
"null","368-القوز الصناعية الثالثة ","918","2024-08-07 14:14:42","368-AL GOZE IND. THIRD ","17526"
"null","131-ميناء الحمرية","1128","2024-08-07 14:14:42","131-AL HAMRIYA PORT","507"
"null","266-عود المطينة الثانية ","987","2024-08-07 14:14:42","266-OUD AL MUTEEN SECOND ","5953"
"null","681-البرشاء جنوب الرابعة","1048","2024-08-07 14:14:42","681-AL BARSHA SOUTH FOURTH","29373"
"null","267-محصينة الخامسة ","512","2024-08-07 14:14:42","267-MUHAISANAH FIFTH","2"
"null","923-اليلايس 3","104","2024-08-07 14:14:42","923-AL YALAYIS 3","4"
"null","372-الصفوح الأولى","916","2024-08-07 14:14:42","372-AL SAFOUH FIRST","4779"
"null","918-اليفره 3","100","2024-08-07 14:14:42","918-AL YUFRAH 3","4"
"null","941-قريطيسه","33","2024-08-07 14:14:42","941-GRAYTEESAH","55"
"null","682-الحبيه الرابعة","342","2024-08-07 14:14:42","682-AL HEBIAH FOURTH","20611"
"null","343-الوصل","897","2024-08-07 14:14:42","343-AL WASL","12185"
"null","916-اليفره 2","98","2024-08-07 14:14:42","916-AL YUFRAH 2","2"
"null","975-العشوش","445","2024-08-07 14:14:42","975-AL OSHOOSH","0"
"null","115-السبخة","314","2024-08-07 14:14:42","115-AL SABKHA","3969"
"null","612-رأس الخور الصناعية الأولى","1023","2024-08-07 14:14:42","612-RAS AL KHOR IND. FIRST","2176"
"null","925-اليلايس 5","745","2024-08-07 14:14:42","925-AL YALAYIS 5","88"
"null","813-الرويه الثانية","600","2024-08-07 14:14:42","813-AL ROWAIYAH SECOND","0"
"null","646-وادي الصفا 4","330","2024-08-07 14:14:42","646-WADI AL SAFA 4","2"
"null","673-البرشاء جنوب الثالثة","120","2024-08-07 14:14:42","673-AL BARSHA SOUTH THIRD","4566"
"null","721-العوير الثانية","132","2024-08-07 14:14:42","721-AL AWEER TWO","4870"
"null","736-نزوه","137","2024-08-07 14:14:42","736-NAZWAH","504"
"null","931-الليسيلي","744","2024-08-07 14:14:42","931-AL LESAILY","2950"
"null","924-اليلايس 4","746","2024-08-07 14:14:42","924-AL YALAYIS 4","8"
"null","913-أم نهد الثالثة","1096","2024-08-07 14:14:42","913-UMM NAHAD THIRD","3633"
"null","233-القصيص الثانية","192","2024-08-07 14:14:42","233-AL QUSAIS SECOND","11442"
"null","945-الفقع","571","2024-08-07 14:14:42","945-AL FAGAA","425"
"null","123-المطينة","882","2024-08-07 14:14:42","123-AL MUTEENA","48739"
"null","967-غدير براشي","567","2024-08-07 14:14:42","967-GHADEER BARASHY","32"
"null","247-القصيص الصناعية الرابعة","235","2024-08-07 14:14:42","247-AL QUSAIS IND. FOURTH","2709"
"null","355-القوز الثانية","883","2024-08-07 14:14:42","355-AL GOZE SECOND","5543"
"null","736-نزوه","676","2024-08-07 14:14:42","736-NAZWAH","555"
"null","686-معيصم الثانية","1053","2024-08-07 14:14:42","686-MEAISEM SECOND","13"
"null","594-ميناء جبل علي","699","2024-08-07 14:14:42","594-MENA JABAL ALI","9467"
"null","124-المرقبات","369","2024-08-07 14:14:42","124-AL MURQABAT","69771"
"null","591-جبل علي الأولى","1083","2024-08-07 14:14:42","591-JABAL ALI FIRST","78243"
"null","598-مجمع دبي للإستثمارالاول","214","2024-08-07 14:14:42","598-DUBAI INVESTMENT PARK1","69000"
"null","119-الرقة","1118","2024-08-07 14:14:42","119-AL REGA","11318"
"null","835-أم المؤمنين","1086","2024-08-07 14:14:42","835-UMM AL MOMENEEN","170"
"null","322-الحضيبة","871","2024-08-07 14:14:42","322-AL HUDAIBA","14504"
"null","831-لهباب الثانية","275","2024-08-07 14:14:42","831-LEHBAB SECOND","1511"
"null","532-سيح شعيب 3","704","2024-08-07 14:14:42","532-SAIH SHUAIB 3","4684"
"null","917-المرموم","1100","2024-08-07 14:14:42","917-AL MARMOOM","143"
"null","101-نخلة ديرة","1109","2024-08-07 14:14:42","101-NAKHLAT DEIRA","2"
"null","282-الخوانيج الثانية","852","2024-08-07 14:14:42","282-AL KHAWANEEJ TWO","5507"
"null","311-الشندغة","976","2024-08-07 14:14:42","311-AL SHANDAGA","7"
"null","369-القوز الصناعية الرابعة ","641","2024-08-07 14:14:42","369-AL GOZE IND. FOURTH ","37360"
"null","265-عود المطينة الأولى","988","2024-08-07 14:14:42","265-OUD AL MUTEEN FIRST","15867"
"null","323-الجافلية","555","2024-08-07 14:14:42","323-AL JAFLIYA","24281"
"null","314-ام هرير الأولى","153","2024-08-07 14:14:42","314-UM HURAIR FIRST","5351"
"null","227-الطوار الثانية","247","2024-08-07 14:14:42","227-AL TWAR SECOND","4835"
"null","685-معيصم الأولى","718","2024-08-07 14:14:42","685-MEAISEM FIRST","18484"
"null","941-قريطيسه","941","2024-08-07 14:14:42","941-GRAYTEESAH","58"
"null","113-الضغاية","779","2024-08-07 14:14:42","113-AL DHAGAYA","16723"
"null","334-السطوة","903","2024-08-07 14:14:42","334-AL SATWA","40997"
"null","115-السبخة","51","2024-08-07 14:14:42","115-AL SABKHA","3861"
"null","617-ند الشبا الرابعة","206","2024-08-07 14:14:42","617-NAD AL SHIBBA FOURTH","3505"
"null","676-الحبيه الثالثة","339","2024-08-07 14:14:42","676-AL HEBIAH THIRD","6845"
"null","513-سيح شعيب 1","408","2024-08-07 14:14:42","513-SAIH SHUAIB 1","9"
"null","336-المركز التجاري الثانية","902","2024-08-07 14:14:42","336-TRADE CENTER SECOND","13515"
"null","813-الرويه الثانية","915","2024-08-07 14:14:42","813-AL ROWAIYAH SECOND","0"
"null","513-سيح شعيب 1","1076","2024-08-07 14:14:42","513-SAIH SHUAIB 1","90"
"null","221-مطار دبي الدولي","996","2024-08-07 14:14:42","221-DUBAI  AIRPORT","121"
"null","333-البدع","899","2024-08-07 14:14:42","333-AL BADA","58437"
"null","422-الورقاء الثانية","453","2024-08-07 14:14:42","422-AL WARQAA  SECOND","10981"
"null","684-البرشاء جنوب الخامسة","667","2024-08-07 14:14:42","684-AL BARSHA SOUTH FIFTH","7506"
"null","918-اليفره 3","1101","2024-08-07 14:14:42","918-AL YUFRAH 3","1754"
"null","373-البرشاء الأولى","65","2024-08-07 14:14:42","373-AL BARSHAA FIRST","35469"
"null","382-الصفوح الثانية","811","2024-08-07 14:14:42","382-AL SOFOUH SECOND","6478"
"null","334-السطوة","549","2024-08-07 14:14:42","334-AL SATWA","39297"
"null","354-القوز الأولى","262","2024-08-07 14:14:42","354-AL GOZE FIRST","20154"
"null","988-الليان 2","926","2024-08-07 14:14:42","988-AL LAYAN 2","0"
"null","392-مرسى دبي (الميناء السياحي) ","651","2024-08-07 14:14:42","392-MARSA DUBAI (AL MINA AL SEYAHI) ","61992"
"null","912-أم نهد الثانية","757","2024-08-07 14:14:42","912-UMM NAHAD SECOND","2"
"null","622-ورسان الثانية","203","2024-08-07 14:14:42","622-WARSAN SECOND","1524"
"null","677-الحبيه السادسة","340","2024-08-07 14:14:42","677-AL HEBIAH SIXTH","2322"
"null","676-الحبيه الثالثة","1046","2024-08-07 14:14:42","676-AL HEBIAH THIRD","7419"
"null","516-جبل علي الصناعية الثالثة ","789","2024-08-07 14:14:42","516-JABAL ALI INDUSTRIAL THIRD","0"
"null","251-مردف","233","2024-08-07 14:14:42","251-MURDAF","64355"
"null","971-سيح الدحل","935","2024-08-07 14:14:42","971-SAIH AL DAHAL","3"
"null","214-القرهود","605","2024-08-07 14:14:42","214-AL GARHOUD","18746"
"null","214-القرهود","183","2024-08-07 14:14:42","214-AL GARHOUD","18424"
"null","356-ام سقيم الأولى","879","2024-08-07 14:14:42","356-UM SUQAIM FIRST","12468"
"null","645-وادي الصفا 3","198","2024-08-07 14:14:42","645-WADI AL SAFA 3","9599"
"null","631-حدائق الشيخ محمد بن راشد","327","2024-08-07 14:14:42","631-HADAEQ SHEIKH MOHAMMED BIN RASHID","1563"
"null","332-جميرا الأولى","141","2024-08-07 14:14:42","332-JUMEIRA FIRST","18843"
"null","735-المريال","675","2024-08-07 14:14:42","735-AL MERYAL","760"
"null","324-الكفاف","964","2024-08-07 14:14:42","324-AL KIFAF","1317"
"null","616-ند الشبا الثالثة","320","2024-08-07 14:14:42","616-NAD AL SHIBBA THIRD","767"
"null","922-اليلايس 2","748","2024-08-07 14:14:42","922-AL YALAYIS 2","3685"
"null","956-الحثمة","569","2024-08-07 14:14:42","956-AL HATHMAH","35"
"null","246-القصيص الصناعية الثالثة","523","2024-08-07 14:14:42","246-AL QUSAIS IND. THIRD","3524"
"null","645-وادي الصفا 3","1036","2024-08-07 14:14:42","645-WADI AL SAFA 3","10475"
"null","614-رأس الخور الصناعية الثالثة","318","2024-08-07 14:14:42","614-RAS AL KHOR IND. THIRD","21834"
"null","261-محيصنة الأولى","828","2024-08-07 14:14:42","261-MUHAISANAH FIRST","8616"
"null","364-القوز الصناعية الأولى ","775","2024-08-07 14:14:42","364-AL GOZE IND. FIRST ","28060"
"null","648-وادي الصفا 5","115","2024-08-07 14:14:42","648-WADI AL SAFA 5","19550"
"null","917-المرموم","429","2024-08-07 14:14:42","917-AL MARMOOM","94"
"null","384-الثنيه الثانية (مضمار جبل علي)","907","2024-08-07 14:14:42","384-AL THANYAH SECOND (JEBEL ALI HORSE RACING)","0"
"null","516-جبل علي الصناعية الثالثة ","409","2024-08-07 14:14:42","516-JABAL ALI INDUSTRIAL THIRD","2462"
"null","721-العوير الثانية","721","2024-08-07 14:14:42","721-AL AWEER TWO","5874"
"null","336-المركز التجاري الثانية","547","2024-08-07 14:14:42","336-TRADE CENTER SECOND","12419"
"null","681-البرشاء جنوب الرابعة","125","2024-08-07 14:14:42","681-AL BARSHA SOUTH FOURTH","25297"
"null","676-الحبيه الثالثة","123","2024-08-07 14:14:42","676-AL HEBIAH THIRD","6250"
"null","346-الخليج التجاري","893","2024-08-07 14:14:42","346-AL KALIJ AL TEJARI","23943"
"null","847-أم السلي","28","2024-08-07 14:14:42","847-UMM ESELAY","187"
"null","599-جبل علي الصناعية الأولى","1021","2024-08-07 14:14:42","599-JABAL ALI INDUSTRIAL FIRST","199780"
"null","252-مشرف","1013","2024-08-07 14:14:42","252-MUSHRAIF","81"
"null","951-سيح السلم","35","2024-08-07 14:14:42","951-SAIH AL SALAM","589"
"null","368-القوز الصناعية الثالثة ","250","2024-08-07 14:14:42","368-AL GOZE IND. THIRD ","26656"
"null","674-الحبيه الأولى","337","2024-08-07 14:14:42","674-AL HEBIAH FIRST","10598"
"null","365-القوز الصناعية الثانية ","71","2024-08-07 14:14:42","365-AL GOZE IND. SECOND ","158543"
"null","617-ند الشبا الرابعة","689","2024-08-07 14:14:42","617-NAD AL SHIBBA FOURTH","3898"
"null","317-المنخول","291","2024-08-07 14:14:42","317-AL MANKHOOL","40091"
"null","686-معيصم الثانية","669","2024-08-07 14:14:42","686-MEAISEM SECOND","12"
"null","821-مرييل","278","2024-08-07 14:14:42","821-MEREIYEEL","1119"
"null","318-الكرامة","290","2024-08-07 14:14:42","318-AL KARAMA","75066"
"null","231-النهدة الأولى","1000","2024-08-07 14:14:42","231-AL NAHDA FIRST","33484"
"null","241-النهدة الثانية","838","2024-08-07 14:14:42","241-AL NAHDA SECOND","64458"
"null","951-سيح السلم","570","2024-08-07 14:14:42","951-SAIH AL SALAM","608"
"null","122-البراحة","1120","2024-08-07 14:14:42","122-AL BARAHA","26115"
"null","336-المركز التجاري الثانية","948","2024-08-07 14:14:42","336-TRADE CENTER SECOND","13787"
"null","911-أم نهد الأولى","1094","2024-08-07 14:14:42","911-UMM NAHAD FIRST","8"
"null","111-الكورنيش","777","2024-08-07 14:14:42","111-AL CORNICHE","2593"
"null","126-ابو هيل","174","2024-08-07 14:14:42","126-ABU HAIL","16905"
"null","216-الراشدية","995","2024-08-07 14:14:42","216-AL RASHIDIYA","38408"
"null","424- الورقاء الرابعة ","401","2024-08-07 14:14:42","424-AL WARQAA FOURTH ","13452"
"null","915-اليفره 1","427","2024-08-07 14:14:42","915-AL YUFRAH 1","403"
"null","915-اليفره 1","754","2024-08-07 14:14:42","915-AL YUFRAH 1","403"
"null","931-الليسيلي","112","2024-08-07 14:14:42","931-AL LESAILY","2633"
"null","353-الصفا الأولى","263","2024-08-07 14:14:42","353-AL SAFFA FIRST","8514"
"null","851-رماح","29","2024-08-07 14:14:42","851-REMAH","232"
"null","368-القوز الصناعية الثالثة ","68","2024-08-07 14:14:42","368-AL GOZE IND. THIRD ","25360"
"null","685-معيصم الأولى","345","2024-08-07 14:14:42","685-MEAISEM FIRST","18002"
"null","614-رأس الخور الصناعية الثالثة","482","2024-08-07 14:14:42","614-RAS AL KHOR IND. THIRD","22358"
"null","413-رأس الخور","113","2024-08-07 14:14:42","413-RAS AL KHOR","2"
"null","359-القوز الرابعة","633","2024-08-07 14:14:42","359-AL GOZE FOURTH","23403"
"null","311-الشندغة","858","2024-08-07 14:14:42","311-AL SHANDAGA","7"
"null","811-ورسان الثالثة","282","2024-08-07 14:14:42","811-WARSAN THIRD","13579"
"null","363-المنارة","255","2024-08-07 14:14:42","363-AL MANARA","8271"
"null","248-القصيص الصناعية الخامسة","1011","2024-08-07 14:14:42","248-AL QUSAIS IND FIFTH","7032"
"null","375-البرشاء الثالثة","644","2024-08-07 14:14:42","375-AL BARSHAA THIRD","14947"
"null","431-وادي الشبك ","403","2024-08-07 14:14:42","431-WADI ALSHABAK ","55"
"null","117-المرر","1116","2024-08-07 14:14:42","117-AL MURAR","40456"
"null","736-نزوه","283","2024-08-07 14:14:42","736-NAZWAH","544"
"null","643-وادي الصفا 2","682","2024-08-07 14:14:42","643-WADI AL SAFA 2","10890"
"null","132-الوحيدة","362","2024-08-07 14:14:42","132-AL WAHEDA","20785"
"null","684-البرشاء جنوب الخامسة","717","2024-08-07 14:14:42","684-AL BARSHA SOUTH FIFTH","7809"
"null","252-مشرف","221","2024-08-07 14:14:42","252-MUSHRAIF","63"
"null","416-ند الحمر","397","2024-08-07 14:14:42","416-NAD AL HAMAR","14216"
"null","593-جبل علي الثالثة","417","2024-08-07 14:14:42","593-JABAL ALI THIRD","1513"
"null","134-الممزر","991","2024-08-07 14:14:42","134-AL MAMZER","16901"
"null","646-وادي الصفا 4","680","2024-08-07 14:14:42","646-WADI AL SAFA 4","167"
"null","685-معيصم الأولى","129","2024-08-07 14:14:42","685-MEAISEM FIRST","17413"
"null","913-أم نهد الثالثة","425","2024-08-07 14:14:42","913-UMM NAHAD THIRD","1347"
"null","383-الثنيه الأولى (قرية ربيع الصحراء)","390","2024-08-07 14:14:42","383-AL THANYAH FIRST (V. RABIE SAHRAA)","24834"
"null","226-الطوار الأولى","187","2024-08-07 14:14:42","226-AL TWAR FIRST","10957"
"null","916-اليفره 2","753","2024-08-07 14:14:42","916-AL YUFRAH 2","1593"
"null","941-قريطيسه","743","2024-08-07 14:14:42","941-GRAYTEESAH","58"
"null","735-المريال","1059","2024-08-07 14:14:42","735-AL MERYAL","775"
"null","318-الكرامة","559","2024-08-07 14:14:42","318-AL KARAMA","75560"
"null","264-محيصنة الثانية ","169","2024-08-07 14:14:42","264-MUHAISANAH SECOND ","197838"
"null","611-بو كدرة","452","2024-08-07 14:14:42","611-BU KADRA","16"
"null","244-محيصنة الثالثة","835","2024-08-07 14:14:42","244-MUHAISANAH THIRD","6865"
"null","511-حصيان الاولى","533","2024-08-07 14:14:42","511-HESSYAN FIRST","3518"
"null","831-لهباب الثانية","1085","2024-08-07 14:14:42","831-LEHBAB SECOND","1617"
"null","814-الرويه الثالثة","599","2024-08-07 14:14:42","814-AL ROWAIYAH THIRD","4494"
"null","415-الخيران الأولى","456","2024-08-07 14:14:42","415-AL KHAIRAN FIRST","947"
"null","857-مرقب","589","2024-08-07 14:14:42","857-MARGAB","635"
"null","735-المريال","136","2024-08-07 14:14:42","735-AL MERYAL","727"
"null","267-محصينة الخامسة ","307","2024-08-07 14:14:42","267-MUHAISANAH FIFTH","2"
"null","264-محيصنة الثانية ","515","2024-08-07 14:14:42","264-MUHAISANAH SECOND ","194618"
"null","645-وادي الصفا 3","681","2024-08-07 14:14:42","645-WADI AL SAFA 3","10270"
"null","325-زعبيل الأولى","876","2024-08-07 14:14:42","325-ZAABEEL FIRST","3449"
"null","128-الخبيصي","889","2024-08-07 14:14:42","128-AL KHBEESI","2011"
"null","131-ميناء الحمرية","610","2024-08-07 14:14:42","131-AL HAMRIYA PORT","485"
"null","353-الصفا الأولى","627","2024-08-07 14:14:42","353-AL SAFFA FIRST","8722"
"null","372-الصفوح الأولى","313","2024-08-07 14:14:42","372-AL SAFOUH FIRST","4435"
"null","127-هورالعنز","613","2024-08-07 14:14:42","127-HOR AL ANZ","83529"
"null","383-الثنيه الأولى (قرية ربيع الصحراء)","908","2024-08-07 14:14:42","383-AL THANYAH FIRST (V. RABIE SAHRAA)","26279"
"null","354-القوز الأولى","886","2024-08-07 14:14:42","354-AL GOZE FIRST","21322"
"null","215-ام رمول","994","2024-08-07 14:14:42","215-UM RAMOOL","3119"
"null","128-الخبيصي","365","2024-08-07 14:14:42","128-AL KHBEESI","1992"
"null","682-الحبيه الرابعة","126","2024-08-07 14:14:42","682-AL HEBIAH FOURTH","18789"
"null","243-القصيص الصناعية الثانية","1006","2024-08-07 14:14:42","243-AL QUSAIS IND. SECOND","9627"
"null","646-وادي الصفا 4","459","2024-08-07 14:14:42","646-WADI AL SAFA 4","160"
"null","381-نخلة جميرا ","309","2024-08-07 14:14:42","381-NAKHLAT JUMEIRA ","24448"
"null","924-اليلايس 4","495","2024-08-07 14:14:42","924-AL YALAYIS 4","8"
"null","376-البرشاء الثانية","645","2024-08-07 14:14:42","376-AL BAESHAA SECOND","15901"
"null","101-نخلة ديرة","46","2024-08-07 14:14:42","101-NAKHLAT DEIRA","2"
"null","988-الليان 2","449","2024-08-07 14:14:42","988-AL LAYAN 2","0"
"null","353-الصفا الأولى","956","2024-08-07 14:14:42","353-AL SAFFA FIRST","9228"
"null","626-ند حصة","201","2024-08-07 14:14:42","626-NADD HESSA","35361"
"null","431-وادي الشبك ","795","2024-08-07 14:14:42","431-WADI ALSHABAK ","3"
"null","336-المركز التجاري الثانية","89","2024-08-07 14:14:42","336-TRADE CENTER SECOND","12155"
"null","123-المطينة","1121","2024-08-07 14:14:42","123-AL MUTEENA","49276"
"null","133-هور العنز شرق","180","2024-08-07 14:14:42","133-HOR AL ANZ EAST","20847"
"null","991-حفير","731","2024-08-07 14:14:42","991-HEFAIR","0"
"null","512-حصيان الثانية","791","2024-08-07 14:14:42","512-HESSYAN SECOND","10381"
"null","425- الورقاء الخامسة ","402","2024-08-07 14:14:42","425-AL WARQAA FIFTH ","60"
"null","227-الطوار الثانية","188","2024-08-07 14:14:42","227-AL TWAR SECOND","4577"
"null","412-الخيران","654","2024-08-07 14:14:42","412-AL KHEERAN","5060"
"null","923-اليلايس 3","747","2024-08-07 14:14:42","923-AL YALAYIS 3","4"
"null","342-جميرا الثانية","351","2024-08-07 14:14:42","342-JUMEIRA SECOND","10079"
"null","214-القرهود","861","2024-08-07 14:14:42","214-AL GARHOUD","19726"
"null","393-الثنيه الخامسة (تلال الامارات الاولى)","652","2024-08-07 14:14:42","393-AL THANYAH FIFTH (EMIRATE HILLS FIRST) ","41185"
"null","593-جبل علي الثالثة","217","2024-08-07 14:14:42","593-JABAL ALI THIRD","1513"
"null","594-ميناء جبل علي","475","2024-08-07 14:14:42","594-MENA JABAL ALI","24795"
"null","631-حدائق الشيخ محمد بن راشد","683","2024-08-07 14:14:42","631-HADAEQ SHEIKH MOHAMMED BIN RASHID","3356"
"null","617-ند الشبا الرابعة","1028","2024-08-07 14:14:42","617-NAD AL SHIBBA FOURTH","3968"
"null","516-جبل علي الصناعية الثالثة ","466","2024-08-07 14:14:42","516-JABAL ALI INDUSTRIAL THIRD","2462"
"null","131-ميناء الحمرية","363","2024-08-07 14:14:42","131-AL HAMRIYA PORT","481"
"null","532-سيح شعيب 3","413","2024-08-07 14:14:42","532-SAIH SHUAIB 3","11144"
"null","677-الحبيه السادسة","663","2024-08-07 14:14:42","677-AL HEBIAH SIXTH","2359"
"null","346-الخليج التجاري","84","2024-08-07 14:14:42","346-AL KALIJ AL TEJARI","19715"
"null","126-ابو هيل","614","2024-08-07 14:14:42","126-ABU HAIL","17481"
"null","931-الليسيلي","1108","2024-08-07 14:14:42","931-AL LESAILY","3017"
"null","129-بور سعيد","364","2024-08-07 14:14:42","129-PORT SAEED","13551"
"null","956-الحثمة","36","2024-08-07 14:14:42","956-AL HATHMAH","35"
"null","912-أم نهد الثانية","94","2024-08-07 14:14:42","912-UMM NAHAD SECOND","2"
"null","366-ام سقيم الثالثة","638","2024-08-07 14:14:42","366-UM SUQAIM THIRD","7672"
"null","368-القوز الصناعية الثالثة ","640","2024-08-07 14:14:42","368-AL GOZE IND. THIRD ","25504"
"null","252-مشرف","519","2024-08-07 14:14:42","252-MUSHRAIF","67"
"null","812-الرويه الأولى","107","2024-08-07 14:14:42","812-AL ROWAIYAH FIRST","2923"
"null","127-هورالعنز","888","2024-08-07 14:14:42","127-HOR AL ANZ","84661"
"null","119-الرقة","55","2024-08-07 14:14:42","119-AL REGA","10279"
"null","821-مرييل","598","2024-08-07 14:14:42","821-MEREIYEEL","1120"
"null","311-الشندغة","156","2024-08-07 14:14:42","311-AL SHANDAGA","2"
"null","824-أم الدمن","277","2024-08-07 14:14:42","824-UMM AL DAMAN","283"
"null","646-وادي الصفا 4","1037","2024-08-07 14:14:42","646-WADI AL SAFA 4","169"
"null","302-شاطئ جميرا","855","2024-08-07 14:14:42","302-JUMEIRA BAY","41"
"null","513-سيح شعيب 1","790","2024-08-07 14:14:42","513-SAIH SHUAIB 1","16"
"null","531-سيح شعيب 2","1080","2024-08-07 14:14:42","531-SAIH SHUAIB 2","12699"
"null","673-البرشاء جنوب الثالثة","336","2024-08-07 14:14:42","673-AL BARSHA SOUTH THIRD","6929"
